big,big_st,big_end,peas,peas_st,peas_end,toy,toy_st,toy_end,speakerID,native_language,birth_place,birth_country,other_languages,age,sex,english_onset_age,english_method,english_residence,english_residence_length,sound_file_no,L2_igbo,L2_swahili,L2_fijian,L2_antigua,L2_creole,L2_american,L2_gaelic,L2_vietnamese,L2_dutch,L2_none,L2_min,L2_french,L2_japanese,L2_esperanto,L2_yiddish,L2_appolo,L2_baoule,L2_arabic,L2_english,"L2_greek,",L2_hindi-urdu,L2_italian,L2_wolof,L2_tamil,L2_asl,L2_ulster,L2_polish,L2_ga,L2_twi,L2_hakka,L2_russian,L2_banganthe,L2_bassa,L2_welsh,L2_malay,L2_mina,L2_indonesian,L2_farsi,L2_irish,L2_chinese,L2_patois,L2_haitian,L2_german,L2_pidgin,L2_maori,L2_sign,L2_maltese,L2_hebrew,L2_tagalog,L2_slovenian,L2_tshiluba,L2_zulu,L2_hokkien,L2_lingala,L2_tok,L2_grebo,L2_hainanese,L2_losso,L2_urdu,L2_dong,L2_taiwanese,L2_pulaar,L2_kikongo,L2_norwegian,L2_spanish,L2_krio,L2_korean,L2_ancient,L2_bambara,L2_latin,L2_mongolian,L2_scots,L2_ewe,L2_afrikaans,L2_swedish,L2_danish,L2_yoruba,L2_azerbaijani,L2_finnish,L2_hindi,L2_kabye,L2_tongan,L2_cotocoli,L2_moore,L2_and,L2_punjabi,L2_mandarin,L2_cantonese,L2_language,L2_songhay,L2_koine,L2_thai,L2_greek,L2_barbuda,L2_pisin,L2_portuguese
-75.2204063,19.7040389,19.62881849,42.49752862,9.204138696,9.246636225,55.07618755,19.98783541,20.04291159,speakerID_256,mandarin  (cmn),"shanxi province, shanxi, china",china,none,26,female,13,academic,usa,2.0,mandarin1.mp3,0,0,0,0,0,0,0,0,0,1,0,0,0,0,0,0,0,0,0,0,0,0,0,0,0,0,0,0,0,0,0,0,0,0,0,0,0,0,0,0,0,0,0,0,0,0,0,0,0,0,0,0,0,0,0,0,0,0,0,0,0,0,0,0,0,0,0,0,0,0,0,0,0,0,0,0,0,0,0,0,0,0,0,0,0,0,0,0,0,0,0,0,0,0,0,0
14.6941404,22.80513325,22.81982739,78.27153956,9.560862784,9.639134324,57.58113851,23.07760586,23.135187,speakerID_257,mandarin  (cmn),"nanjing, china",china,japanese,38,female,14,academic,usa,0.8,mandarin2.mp3,0,0,0,0,0,0,0,0,0,0,0,0,1,0,0,0,0,0,0,0,0,0,0,0,0,0,0,0,0,0,0,0,0,0,0,0,0,0,0,0,0,0,0,0,0,0,0,0,0,0,0,0,0,0,0,0,0,0,0,0,0,0,0,0,0,0,0,0,0,0,0,0,0,0,0,0,0,0,0,0,0,0,0,0,0,0,0,0,0,0,0,0,0,0,0,0
-111.6927364,28.385838,28.27414526,33.82055493,12.29609509,12.32991564,68.55146719,28.6331389,28.70169037,speakerID_258,mandarin  (cmn),"jilin city, jilin, china",china,italian german french,43,male,10,academic,usa,14.0,mandarin3.mp3,0,0,0,0,0,0,0,0,0,0,0,1,0,0,0,0,0,0,0,0,0,1,0,0,0,0,0,0,0,0,0,0,0,0,0,0,0,0,0,0,0,0,1,0,0,0,0,0,0,0,0,0,0,0,0,0,0,0,0,0,0,0,0,0,0,0,0,0,0,0,0,0,0,0,0,0,0,0,0,0,0,0,0,0,0,0,0,0,0,0,0,0,0,0,0,0
-129.2372077,20.05893147,19.92969426,76.8941996,8.971714148,9.048608347,87.19140372,20.32036463,20.40755604,speakerID_259,mandarin  (cmn),"shanghai, china",china,japanese,24,female,6,academic,usa,1.0,mandarin4.mp3,0,0,0,0,0,0,0,0,0,0,0,0,1,0,0,0,0,0,0,0,0,0,0,0,0,0,0,0,0,0,0,0,0,0,0,0,0,0,0,0,0,0,0,0,0,0,0,0,0,0,0,0,0,0,0,0,0,0,0,0,0,0,0,0,0,0,0,0,0,0,0,0,0,0,0,0,0,0,0,0,0,0,0,0,0,0,0,0,0,0,0,0,0,0,0,0
-87.89359384,19.49844438,19.41055078,84.12560312,9.019203867,9.10332947,109.9812501,19.75170387,19.86168512,speakerID_260,mandarin  (cmn),"beijing, china",china,none,31,female,12,academic,usa,2.0,mandarin5.mp3,0,0,0,0,0,0,0,0,0,1,0,0,0,0,0,0,0,0,0,0,0,0,0,0,0,0,0,0,0,0,0,0,0,0,0,0,0,0,0,0,0,0,0,0,0,0,0,0,0,0,0,0,0,0,0,0,0,0,0,0,0,0,0,0,0,0,0,0,0,0,0,0,0,0,0,0,0,0,0,0,0,0,0,0,0,0,0,0,0,0,0,0,0,0,0,0
10.29088577,19.86454872,19.87483961,140.6602645,8.871565719,9.012225983,112.5573759,20.38369463,20.49625201,speakerID_261,mandarin  (cmn),"le shan, sichuan, china",china,none,28,female,12,academic,usa,5.0,mandarin6.mp3,0,0,0,0,0,0,0,0,0,1,0,0,0,0,0,0,0,0,0,0,0,0,0,0,0,0,0,0,0,0,0,0,0,0,0,0,0,0,0,0,0,0,0,0,0,0,0,0,0,0,0,0,0,0,0,0,0,0,0,0,0,0,0,0,0,0,0,0,0,0,0,0,0,0,0,0,0,0,0,0,0,0,0,0,0,0,0,0,0,0,0,0,0,0,0,0
,,,,,,,,,speakerID_262,mandarin  (cmn),"berkeley, california, usa",usa,mandarin,22,male,5,naturalistic,usa,22.0,mandarin7.mp3,0,0,0,0,0,0,0,0,0,0,0,0,0,0,0,0,0,0,0,0,0,0,0,0,0,0,0,0,0,0,0,0,0,0,0,0,0,0,0,0,0,0,0,0,0,0,0,0,0,0,0,0,0,0,0,0,0,0,0,0,0,0,0,0,0,0,0,0,0,0,0,0,0,0,0,0,0,0,0,0,0,0,0,0,0,0,1,0,0,0,0,0,0,0,0,0
-93.9981393,17.42327967,17.32928154,64.16194586,7.893832315,7.957994261,89.53907188,17.67180223,17.7613413,speakerID_430,mandarin  (cmn),"jingmen, hubei, china",china,none,29,male,12,academic,usa,5.0,mandarin8.mp3,0,0,0,0,0,0,0,0,0,1,0,0,0,0,0,0,0,0,0,0,0,0,0,0,0,0,0,0,0,0,0,0,0,0,0,0,0,0,0,0,0,0,0,0,0,0,0,0,0,0,0,0,0,0,0,0,0,0,0,0,0,0,0,0,0,0,0,0,0,0,0,0,0,0,0,0,0,0,0,0,0,0,0,0,0,0,0,0,0,0,0,0,0,0,0,0
-92.00492274,22.72454007,22.63253514,62.56135277,9.693705115,9.756266468,63.63482718,22.9788887,23.04252353,speakerID_451,mandarin  (cmn),"shanghai, china",china,none,38,male,12,academic,usa,2.0,mandarin9.mp3,0,0,0,0,0,0,0,0,0,1,0,0,0,0,0,0,0,0,0,0,0,0,0,0,0,0,0,0,0,0,0,0,0,0,0,0,0,0,0,0,0,0,0,0,0,0,0,0,0,0,0,0,0,0,0,0,0,0,0,0,0,0,0,0,0,0,0,0,0,0,0,0,0,0,0,0,0,0,0,0,0,0,0,0,0,0,0,0,0,0,0,0,0,0,0,0
11.97019628,14.64349743,14.65546763,20.03995237,6.634650265,6.654690217,58.31255077,14.86697028,14.92528284,speakerID_491,mandarin  (cmn),"beijing, china",china,none,19,male,3,academic,south africa,3.75,mandarin10.mp3,0,0,0,0,0,0,0,0,0,1,0,0,0,0,0,0,0,0,0,0,0,0,0,0,0,0,0,0,0,0,0,0,0,0,0,0,0,0,0,0,0,0,0,0,0,0,0,0,0,0,0,0,0,0,0,0,0,0,0,0,0,0,0,0,0,0,0,0,0,0,0,0,0,0,0,0,0,0,0,0,0,0,0,0,0,0,0,0,0,0,0,0,0,0,0,0
,,,,,,,,,speakerID_607,mandarin  (cmn),"kao-hsiung, taiwan",taiwan,cantonese,53,female,13,academic,usa,33.0,mandarin11.mp3,0,0,0,0,0,0,0,0,0,0,0,0,0,0,0,0,0,0,0,0,0,0,0,0,0,0,0,0,0,0,0,0,0,0,0,0,0,0,0,0,0,0,0,0,0,0,0,0,0,0,0,0,0,0,0,0,0,0,0,0,0,0,0,0,0,0,0,0,0,0,0,0,0,0,0,0,0,0,0,0,0,0,0,0,0,0,0,1,0,0,0,0,0,0,0,0
,,,,,,,,,speakerID_623,mandarin  (cmn),"singapore, singapore",singapore,cantonese spanish french,23,male,1,naturalistic,"singapore, uk",23.0,mandarin12.mp3,0,0,0,0,0,0,0,0,0,0,0,1,0,0,0,0,0,0,0,0,0,0,0,0,0,0,0,0,0,0,0,0,0,0,0,0,0,0,0,0,0,0,0,0,0,0,0,0,0,0,0,0,0,0,0,0,0,0,0,0,0,0,0,0,1,0,0,0,0,0,0,0,0,0,0,0,0,0,0,0,0,0,0,0,0,0,0,1,0,0,0,0,0,0,0,0
,,,,,,,,,speakerID_685,mandarin  (cmn),"nantou, taiwan",taiwan,taiwanese,29,male,13,academic,,0.0,mandarin13.mp3,0,0,0,0,0,0,0,0,0,0,0,0,0,0,0,0,0,0,0,0,0,0,0,0,0,0,0,0,0,0,0,0,0,0,0,0,0,0,0,0,0,0,0,0,0,0,0,0,0,0,0,0,0,0,0,0,0,0,0,0,1,0,0,0,0,0,0,0,0,0,0,0,0,0,0,0,0,0,0,0,0,0,0,0,0,0,0,0,0,0,0,0,0,0,0,0
-132.1921281,18.87341722,18.74122509,18.15270457,8.337087542,8.355240246,89.1247758,19.37962547,19.46875024,speakerID_719,mandarin  (cmn),"dalian, liaoning, china",china,none,49,male,20,academic,usa,21.0,mandarin14.mp3,0,0,0,0,0,0,0,0,0,1,0,0,0,0,0,0,0,0,0,0,0,0,0,0,0,0,0,0,0,0,0,0,0,0,0,0,0,0,0,0,0,0,0,0,0,0,0,0,0,0,0,0,0,0,0,0,0,0,0,0,0,0,0,0,0,0,0,0,0,0,0,0,0,0,0,0,0,0,0,0,0,0,0,0,0,0,0,0,0,0,0,0,0,0,0,0
,,,,,,,,,speakerID_746,mandarin  (cmn),"tainan, taiwan",taiwan,french swedish japanese,28,female,11,academic,"new zealand, usa, uk",4.0,mandarin15.mp3,0,0,0,0,0,0,0,0,0,0,0,1,1,0,0,0,0,0,0,0,0,0,0,0,0,0,0,0,0,0,0,0,0,0,0,0,0,0,0,0,0,0,0,0,0,0,0,0,0,0,0,0,0,0,0,0,0,0,0,0,0,0,0,0,0,0,0,0,0,0,0,0,0,0,1,0,0,0,0,0,0,0,0,0,0,0,0,0,0,0,0,0,0,0,0,0
,,,,,,,,,speakerID_750,mandarin  (cmn),"taipei, taiwan",taiwan,taiwanese japanese,32,male,10,academic,usa,1.35,mandarin16.mp3,0,0,0,0,0,0,0,0,0,0,0,0,1,0,0,0,0,0,0,0,0,0,0,0,0,0,0,0,0,0,0,0,0,0,0,0,0,0,0,0,0,0,0,0,0,0,0,0,0,0,0,0,0,0,0,0,0,0,0,0,1,0,0,0,0,0,0,0,0,0,0,0,0,0,0,0,0,0,0,0,0,0,0,0,0,0,0,0,0,0,0,0,0,0,0,0
16.93041526,16.07439017,16.09132059,15.47808622,7.384887712,7.400365798,95.59700881,16.32942819,16.4250252,speakerID_796,mandarin  (cmn),"wuhan, hubei, china",china,none,26,male,13,academic,canada,2.0,mandarin17.mp3,0,0,0,0,0,0,0,0,0,1,0,0,0,0,0,0,0,0,0,0,0,0,0,0,0,0,0,0,0,0,0,0,0,0,0,0,0,0,0,0,0,0,0,0,0,0,0,0,0,0,0,0,0,0,0,0,0,0,0,0,0,0,0,0,0,0,0,0,0,0,0,0,0,0,0,0,0,0,0,0,0,0,0,0,0,0,0,0,0,0,0,0,0,0,0,0
,,,,,,,,,speakerID_872,mandarin  (cmn),"taoyuan, taiwan",taiwan,hakka,29,female,13,academic,,0.0,mandarin18.mp3,0,0,0,0,0,0,0,0,0,0,0,0,0,0,0,0,0,0,0,0,0,0,0,0,0,0,0,0,0,1,0,0,0,0,0,0,0,0,0,0,0,0,0,0,0,0,0,0,0,0,0,0,0,0,0,0,0,0,0,0,0,0,0,0,0,0,0,0,0,0,0,0,0,0,0,0,0,0,0,0,0,0,0,0,0,0,0,0,0,0,0,0,0,0,0,0
-12.43688952,27.00490408,26.9924672,96.10147767,12.17315229,12.26925377,109.1611329,27.67105395,27.78021508,speakerID_916,mandarin  (cmn),"qinzhou, guangxi, china",china,none,27,male,13,academic,australia,0.33,mandarin19.mp3,0,0,0,0,0,0,0,0,0,1,0,0,0,0,0,0,0,0,0,0,0,0,0,0,0,0,0,0,0,0,0,0,0,0,0,0,0,0,0,0,0,0,0,0,0,0,0,0,0,0,0,0,0,0,0,0,0,0,0,0,0,0,0,0,0,0,0,0,0,0,0,0,0,0,0,0,0,0,0,0,0,0,0,0,0,0,0,0,0,0,0,0,0,0,0,0
,,,,,,,,,speakerID_931,mandarin  (cmn),"ping tong, taiwan",taiwan,russian,40,female,12,academic,usa,5.0,mandarin20.mp3,0,0,0,0,0,0,0,0,0,0,0,0,0,0,0,0,0,0,0,0,0,0,0,0,0,0,0,0,0,0,1,0,0,0,0,0,0,0,0,0,0,0,0,0,0,0,0,0,0,0,0,0,0,0,0,0,0,0,0,0,0,0,0,0,0,0,0,0,0,0,0,0,0,0,0,0,0,0,0,0,0,0,0,0,0,0,0,0,0,0,0,0,0,0,0,0
13.54228144,25.35254531,25.36608759,82.89895399,11.30846777,11.39136672,98.98947182,25.66009051,25.75907998,speakerID_984,mandarin  (cmn),"chengdu, sichuan, china",china,none,38,female,9,academic,usa,13.0,mandarin21.mp3,0,0,0,0,0,0,0,0,0,1,0,0,0,0,0,0,0,0,0,0,0,0,0,0,0,0,0,0,0,0,0,0,0,0,0,0,0,0,0,0,0,0,0,0,0,0,0,0,0,0,0,0,0,0,0,0,0,0,0,0,0,0,0,0,0,0,0,0,0,0,0,0,0,0,0,0,0,0,0,0,0,0,0,0,0,0,0,0,0,0,0,0,0,0,0,0
-100.1386555,17.62423227,17.52409361,39.69627963,7.015404572,7.055100852,74.15702725,17.83182127,17.90597829,speakerID_1019,mandarin  (cmn),"haikou, hainan, china",china,cantonese taiwanese,39,female,11,academic,usa,3.0,mandarin22.mp3,0,0,0,0,0,0,0,0,0,0,0,0,0,0,0,0,0,0,0,0,0,0,0,0,0,0,0,0,0,0,0,0,0,0,0,0,0,0,0,0,0,0,0,0,0,0,0,0,0,0,0,0,0,0,0,0,0,0,0,0,1,0,0,0,0,0,0,0,0,0,0,0,0,0,0,0,0,0,0,0,0,0,0,0,0,0,0,1,0,0,0,0,0,0,0,0
,,,,,,,,,speakerID_1044,mandarin  (cmn),"kao-hsiung, taiwan",taiwan,cantonese taiwanese,46,female,13,academic,usa,22.0,mandarin23.mp3,0,0,0,0,0,0,0,0,0,0,0,0,0,0,0,0,0,0,0,0,0,0,0,0,0,0,0,0,0,0,0,0,0,0,0,0,0,0,0,0,0,0,0,0,0,0,0,0,0,0,0,0,0,0,0,0,0,0,0,0,1,0,0,0,0,0,0,0,0,0,0,0,0,0,0,0,0,0,0,0,0,0,0,0,0,0,0,1,0,0,0,0,0,0,0,0
6.705259841,18.22363609,18.23034135,71.2259,8.190359068,8.261584968,85.44873016,18.47299862,18.55844735,speakerID_1089,mandarin  (cmn),"shanghai, china",china,none,21,female,10,academic,,0.0,mandarin24.mp3,0,0,0,0,0,0,0,0,0,1,0,0,0,0,0,0,0,0,0,0,0,0,0,0,0,0,0,0,0,0,0,0,0,0,0,0,0,0,0,0,0,0,0,0,0,0,0,0,0,0,0,0,0,0,0,0,0,0,0,0,0,0,0,0,0,0,0,0,0,0,0,0,0,0,0,0,0,0,0,0,0,0,0,0,0,0,0,0,0,0,0,0,0,0,0,0
-144.1261769,15.41501073,15.27088455,66.31350711,7.100332273,7.16664578,64.33926217,15.6556237,15.71996296,speakerID_1125,mandarin  (cmn),"wuxi, jiangsu, china",china,german,28,female,13,academic,usa,0.8,mandarin25.mp3,0,0,0,0,0,0,0,0,0,0,0,0,0,0,0,0,0,0,0,0,0,0,0,0,0,0,0,0,0,0,0,0,0,0,0,0,0,0,0,0,0,0,1,0,0,0,0,0,0,0,0,0,0,0,0,0,0,0,0,0,0,0,0,0,0,0,0,0,0,0,0,0,0,0,0,0,0,0,0,0,0,0,0,0,0,0,0,0,0,0,0,0,0,0,0,0
-100.9275565,20.44131821,20.34039065,60.36645398,9.164881089,9.225247543,40.15011764,20.6892965,20.72944662,speakerID_1141,mandarin  (cmn),"emei, sichuan, china",china,none,31,female,12,academic,usa,3.0,mandarin26.mp3,0,0,0,0,0,0,0,0,0,1,0,0,0,0,0,0,0,0,0,0,0,0,0,0,0,0,0,0,0,0,0,0,0,0,0,0,0,0,0,0,0,0,0,0,0,0,0,0,0,0,0,0,0,0,0,0,0,0,0,0,0,0,0,0,0,0,0,0,0,0,0,0,0,0,0,0,0,0,0,0,0,0,0,0,0,0,0,0,0,0,0,0,0,0,0,0
12.48921256,15.28241075,15.29489996,48.92874342,6.876173119,6.925101863,54.90901528,15.51656591,15.57147493,speakerID_1154,mandarin  (cmn),"chengdu, sichuan, china",china,none,18,male,15,academic,usa,3.0,mandarin27.mp3,0,0,0,0,0,0,0,0,0,1,0,0,0,0,0,0,0,0,0,0,0,0,0,0,0,0,0,0,0,0,0,0,0,0,0,0,0,0,0,0,0,0,0,0,0,0,0,0,0,0,0,0,0,0,0,0,0,0,0,0,0,0,0,0,0,0,0,0,0,0,0,0,0,0,0,0,0,0,0,0,0,0,0,0,0,0,0,0,0,0,0,0,0,0,0,0
-205.6974199,18.38442054,18.17872312,-78.49175795,8.015556678,7.93706492,75.05937388,18.69833251,18.77339188,speakerID_1447,mandarin  (cmn),"shanghai, china",china,none,45,male,15,academic,usa,20.0,mandarin28.mp3,0,0,0,0,0,0,0,0,0,1,0,0,0,0,0,0,0,0,0,0,0,0,0,0,0,0,0,0,0,0,0,0,0,0,0,0,0,0,0,0,0,0,0,0,0,0,0,0,0,0,0,0,0,0,0,0,0,0,0,0,0,0,0,0,0,0,0,0,0,0,0,0,0,0,0,0,0,0,0,0,0,0,0,0,0,0,0,0,0,0,0,0,0,0,0,0
-57.18977604,12.96127545,12.90408567,0.030651314,5.958881246,5.989532561,0.042931499,13.14228189,13.18521339,speakerID_1490,mandarin  (cmn),"lanzhou, gansu, china",china,none,24,male,4,academic,,0.0,mandarin29.mp3,0,0,0,0,0,0,0,0,0,1,0,0,0,0,0,0,0,0,0,0,0,0,0,0,0,0,0,0,0,0,0,0,0,0,0,0,0,0,0,0,0,0,0,0,0,0,0,0,0,0,0,0,0,0,0,0,0,0,0,0,0,0,0,0,0,0,0,0,0,0,0,0,0,0,0,0,0,0,0,0,0,0,0,0,0,0,0,0,0,0,0,0,0,0,0,0
,,,,,,,,,speakerID_1491,mandarin  (cmn),"taipei, taiwan",taiwan,none,27,male,13,academic,usa,1.0,mandarin30.mp3,0,0,0,0,0,0,0,0,0,1,0,0,0,0,0,0,0,0,0,0,0,0,0,0,0,0,0,0,0,0,0,0,0,0,0,0,0,0,0,0,0,0,0,0,0,0,0,0,0,0,0,0,0,0,0,0,0,0,0,0,0,0,0,0,0,0,0,0,0,0,0,0,0,0,0,0,0,0,0,0,0,0,0,0,0,0,0,0,0,0,0,0,0,0,0,0
13.17621849,15.3282706,15.34144682,96.64473909,7.128069497,7.224714236,81.57292731,15.59550886,15.67708179,speakerID_1519,mandarin  (cmn),"wenzhou, zhejiang, china",china,none,26,female,13,academic,usa,2.5,mandarin31.mp3,0,0,0,0,0,0,0,0,0,1,0,0,0,0,0,0,0,0,0,0,0,0,0,0,0,0,0,0,0,0,0,0,0,0,0,0,0,0,0,0,0,0,0,0,0,0,0,0,0,0,0,0,0,0,0,0,0,0,0,0,0,0,0,0,0,0,0,0,0,0,0,0,0,0,0,0,0,0,0,0,0,0,0,0,0,0,0,0,0,0,0,0,0,0,0,0
,,,,,,,,,speakerID_1527,mandarin  (cmn),"taipei, taiwan",taiwan,japanese,23,female,12,academic,usa,2.0,mandarin32.mp3,0,0,0,0,0,0,0,0,0,0,0,0,1,0,0,0,0,0,0,0,0,0,0,0,0,0,0,0,0,0,0,0,0,0,0,0,0,0,0,0,0,0,0,0,0,0,0,0,0,0,0,0,0,0,0,0,0,0,0,0,0,0,0,0,0,0,0,0,0,0,0,0,0,0,0,0,0,0,0,0,0,0,0,0,0,0,0,0,0,0,0,0,0,0,0,0
-86.79849013,15.23677867,15.14998018,74.7374825,6.945040762,7.019778245,88.75215021,15.43933141,15.52808356,speakerID_1541,mandarin  (cmn),"beijing, china",china,french,25,male,6,naturalistic,"thailand, australia, usa",20.0,mandarin33.mp3,0,0,0,0,0,0,0,0,0,0,0,1,0,0,0,0,0,0,0,0,0,0,0,0,0,0,0,0,0,0,0,0,0,0,0,0,0,0,0,0,0,0,0,0,0,0,0,0,0,0,0,0,0,0,0,0,0,0,0,0,0,0,0,0,0,0,0,0,0,0,0,0,0,0,0,0,0,0,0,0,0,0,0,0,0,0,0,0,0,0,0,0,0,0,0,0
11.80192898,16.76418955,16.77599148,70.862323,8.020768673,8.091630996,78.67495415,17.13610514,17.2147801,speakerID_1578,mandarin  (cmn),"shi jia zhuang, hebei, china",china,japanese,31,female,13,academic,,0.0,mandarin34.mp3,0,0,0,0,0,0,0,0,0,0,0,0,1,0,0,0,0,0,0,0,0,0,0,0,0,0,0,0,0,0,0,0,0,0,0,0,0,0,0,0,0,0,0,0,0,0,0,0,0,0,0,0,0,0,0,0,0,0,0,0,0,0,0,0,0,0,0,0,0,0,0,0,0,0,0,0,0,0,0,0,0,0,0,0,0,0,0,0,0,0,0,0,0,0,0,0
-97.23623728,18.48330742,18.38607119,91.47499663,9.453109326,9.544584322,62.78610482,18.73204098,18.79482708,speakerID_1579,mandarin  (cmn),"yantai, shandong, china",china,japanese,27,female,12,academic,,0.0,mandarin35.mp3,0,0,0,0,0,0,0,0,0,0,0,0,1,0,0,0,0,0,0,0,0,0,0,0,0,0,0,0,0,0,0,0,0,0,0,0,0,0,0,0,0,0,0,0,0,0,0,0,0,0,0,0,0,0,0,0,0,0,0,0,0,0,0,0,0,0,0,0,0,0,0,0,0,0,0,0,0,0,0,0,0,0,0,0,0,0,0,0,0,0,0,0,0,0,0,0
8.640075473,20.88060735,20.88924742,90.85141549,10.28721652,10.37806794,52.30080046,21.17094257,21.22324337,speakerID_1580,mandarin  (cmn),"beijing, china",china,none,32,female,10,academic,,0.0,mandarin36.mp3,0,0,0,0,0,0,0,0,0,1,0,0,0,0,0,0,0,0,0,0,0,0,0,0,0,0,0,0,0,0,0,0,0,0,0,0,0,0,0,0,0,0,0,0,0,0,0,0,0,0,0,0,0,0,0,0,0,0,0,0,0,0,0,0,0,0,0,0,0,0,0,0,0,0,0,0,0,0,0,0,0,0,0,0,0,0,0,0,0,0,0,0,0,0,0,0
11.19130694,25.53040681,25.54159812,114.5983105,13.10488388,13.21948219,88.58459518,25.86553836,25.95412295,speakerID_1581,mandarin  (cmn),"huhot, nei meng gu, china",china,none,32,female,12,academic,,0.0,mandarin37.mp3,0,0,0,0,0,0,0,0,0,1,0,0,0,0,0,0,0,0,0,0,0,0,0,0,0,0,0,0,0,0,0,0,0,0,0,0,0,0,0,0,0,0,0,0,0,0,0,0,0,0,0,0,0,0,0,0,0,0,0,0,0,0,0,0,0,0,0,0,0,0,0,0,0,0,0,0,0,0,0,0,0,0,0,0,0,0,0,0,0,0,0,0,0,0,0,0
-110.3522654,26.29731442,26.18696215,87.25839775,12.68389361,12.77115201,122.8471982,26.5813699,26.7042171,speakerID_1582,mandarin  (cmn),"changsha, hunan, china",china,none,33,female,12,academic,"australia, usa",0.1,mandarin38.mp3,0,0,0,0,0,0,0,0,0,1,0,0,0,0,0,0,0,0,0,0,0,0,0,0,0,0,0,0,0,0,0,0,0,0,0,0,0,0,0,0,0,0,0,0,0,0,0,0,0,0,0,0,0,0,0,0,0,0,0,0,0,0,0,0,0,0,0,0,0,0,0,0,0,0,0,0,0,0,0,0,0,0,0,0,0,0,0,0,0,0,0,0,0,0,0,0
-164.3706062,21.5066221,21.34225149,43.89073177,10.28940154,10.33329227,91.80615296,21.73311044,21.82491659,speakerID_1583,mandarin  (cmn),"tie ling, liaoning, china",china,russian,24,female,12,academic,,0.0,mandarin39.mp3,0,0,0,0,0,0,0,0,0,0,0,0,0,0,0,0,0,0,0,0,0,0,0,0,0,0,0,0,0,0,1,0,0,0,0,0,0,0,0,0,0,0,0,0,0,0,0,0,0,0,0,0,0,0,0,0,0,0,0,0,0,0,0,0,0,0,0,0,0,0,0,0,0,0,0,0,0,0,0,0,0,0,0,0,0,0,0,0,0,0,0,0,0,0,0,0
-72.30240181,15.67928022,15.60697782,69.937787,7.182625696,7.252563483,72.29135345,15.86974062,15.94203197,speakerID_1614,mandarin  (cmn),"chengdu, sichuan, china",china,japanese thai,28,male,12,academic,"singapore, usa",9.0,mandarin40.mp3,0,0,0,0,0,0,0,0,0,0,0,0,1,0,0,0,0,0,0,0,0,0,0,0,0,0,0,0,0,0,0,0,0,0,0,0,0,0,0,0,0,0,0,0,0,0,0,0,0,0,0,0,0,0,0,0,0,0,0,0,0,0,0,0,0,0,0,0,0,0,0,0,0,0,0,0,0,0,0,0,0,0,0,0,0,0,0,0,0,0,0,1,0,0,0,0
-116.9319238,21.56692311,21.44999119,87.41656698,9.454784398,9.542200965,102.4653647,21.8955997,21.99806506,speakerID_1615,mandarin  (cmn),"songyuan, jilin, china",china,none,34,female,13,academic,,0.0,mandarin41.mp3,0,0,0,0,0,0,0,0,0,1,0,0,0,0,0,0,0,0,0,0,0,0,0,0,0,0,0,0,0,0,0,0,0,0,0,0,0,0,0,0,0,0,0,0,0,0,0,0,0,0,0,0,0,0,0,0,0,0,0,0,0,0,0,0,0,0,0,0,0,0,0,0,0,0,0,0,0,0,0,0,0,0,0,0,0,0,0,0,0,0,0,0,0,0,0,0
-107.3288221,33.00132097,32.89399215,83.06731227,13.45039644,13.53346375,94.88834062,33.35460942,33.44949777,speakerID_1616,mandarin  (cmn),"yanbian, jilin, china",china,none,47,female,16,academic,,0.0,mandarin42.mp3,0,0,0,0,0,0,0,0,0,1,0,0,0,0,0,0,0,0,0,0,0,0,0,0,0,0,0,0,0,0,0,0,0,0,0,0,0,0,0,0,0,0,0,0,0,0,0,0,0,0,0,0,0,0,0,0,0,0,0,0,0,0,0,0,0,0,0,0,0,0,0,0,0,0,0,0,0,0,0,0,0,0,0,0,0,0,0,0,0,0,0,0,0,0,0,0
-121.2277636,27.77483696,27.6536092,67.58804819,12.53751017,12.60509822,50.33080107,28.15713014,28.20746094,speakerID_1617,mandarin  (cmn),"datong, shanxi, china",china,none,24,female,15,academic,,0.0,mandarin43.mp3,0,0,0,0,0,0,0,0,0,1,0,0,0,0,0,0,0,0,0,0,0,0,0,0,0,0,0,0,0,0,0,0,0,0,0,0,0,0,0,0,0,0,0,0,0,0,0,0,0,0,0,0,0,0,0,0,0,0,0,0,0,0,0,0,0,0,0,0,0,0,0,0,0,0,0,0,0,0,0,0,0,0,0,0,0,0,0,0,0,0,0,0,0,0,0,0
-126.8522411,22.11377503,21.98692279,88.74634551,8.969127197,9.057873543,80.54219441,22.37579655,22.45633874,speakerID_1630,mandarin  (cmn),"hangzhou, zhejiang, china",china,none,21,male,16,academic,usa,1.5,mandarin44.mp3,0,0,0,0,0,0,0,0,0,1,0,0,0,0,0,0,0,0,0,0,0,0,0,0,0,0,0,0,0,0,0,0,0,0,0,0,0,0,0,0,0,0,0,0,0,0,0,0,0,0,0,0,0,0,0,0,0,0,0,0,0,0,0,0,0,0,0,0,0,0,0,0,0,0,0,0,0,0,0,0,0,0,0,0,0,0,0,0,0,0,0,0,0,0,0,0
-207.52830245251275,26.23005889665128,26.022530594198766,50.52328768,11.3201876,11.37071089,74.94337582,26.70498929,26.77993266,speakerID_1631,mandarin  (cmn),"beijing, china",china,none,42,female,12,academic,"usa, australia",0.1,mandarin45.mp3,0,0,0,0,0,0,0,0,0,1,0,0,0,0,0,0,0,0,0,0,0,0,0,0,0,0,0,0,0,0,0,0,0,0,0,0,0,0,0,0,0,0,0,0,0,0,0,0,0,0,0,0,0,0,0,0,0,0,0,0,0,0,0,0,0,0,0,0,0,0,0,0,0,0,0,0,0,0,0,0,0,0,0,0,0,0,0,0,0,0,0,0,0,0,0,0
-226.3837431354787,27.723421113095586,27.497037369960108,116.5839175,11.88123559,11.99781951,108.7872494,28.01429762,28.12308487,speakerID_1636,mandarin  (cmn),"jilin city, jilin, china",china,arabic,43,female,9,academic,,0.0,mandarin46.mp3,0,0,0,0,0,0,0,0,0,0,0,0,0,0,0,0,0,1,0,0,0,0,0,0,0,0,0,0,0,0,0,0,0,0,0,0,0,0,0,0,0,0,0,0,0,0,0,0,0,0,0,0,0,0,0,0,0,0,0,0,0,0,0,0,0,0,0,0,0,0,0,0,0,0,0,0,0,0,0,0,0,0,0,0,0,0,0,0,0,0,0,0,0,0,0,0
-119.94059957411451,22.089948511310578,21.970007911736463,44.75330162,10.05929208,10.10404538,40.20341519,22.3437622,22.38396562,speakerID_1644,mandarin  (cmn),"beijing, china",china,japanese french,28,female,8,academic,,0.0,mandarin47.mp3,0,0,0,0,0,0,0,0,0,0,0,1,1,0,0,0,0,0,0,0,0,0,0,0,0,0,0,0,0,0,0,0,0,0,0,0,0,0,0,0,0,0,0,0,0,0,0,0,0,0,0,0,0,0,0,0,0,0,0,0,0,0,0,0,0,0,0,0,0,0,0,0,0,0,0,0,0,0,0,0,0,0,0,0,0,0,0,0,0,0,0,0,0,0,0,0
-123.60708303323165,25.690126134079204,25.566519051045972,71.2388565,10.31625316,10.38749202,91.24876469,26.02932425,26.12057301,speakerID_1645,mandarin  (cmn),"pingdingshan, henan, china",china,none,37,male,12,academic,,0.0,mandarin48.mp3,0,0,0,0,0,0,0,0,0,1,0,0,0,0,0,0,0,0,0,0,0,0,0,0,0,0,0,0,0,0,0,0,0,0,0,0,0,0,0,0,0,0,0,0,0,0,0,0,0,0,0,0,0,0,0,0,0,0,0,0,0,0,0,0,0,0,0,0,0,0,0,0,0,0,0,0,0,0,0,0,0,0,0,0,0,0,0,0,0,0,0,0,0,0,0,0
35.36791803510475,11.892318717874774,11.927686635909879,8.155647872,5.116937096,5.125092744,130.795348,12.07855263,12.20934797,speakerID_1736,mandarin  (cmn),"shanghai, china",china,french,21,male,10,academic,australia,2.5,mandarin49.mp3,0,0,0,0,0,0,0,0,0,0,0,1,0,0,0,0,0,0,0,0,0,0,0,0,0,0,0,0,0,0,0,0,0,0,0,0,0,0,0,0,0,0,0,0,0,0,0,0,0,0,0,0,0,0,0,0,0,0,0,0,0,0,0,0,0,0,0,0,0,0,0,0,0,0,0,0,0,0,0,0,0,0,0,0,0,0,0,0,0,0,0,0,0,0,0,0
,,,,,,,,,speakerID_1788,mandarin  (cmn),"hsinchu, taiwan",taiwan,taiwanese,25,male,9,academic,usa,0.2,mandarin50.mp3,0,0,0,0,0,0,0,0,0,0,0,0,0,0,0,0,0,0,0,0,0,0,0,0,0,0,0,0,0,0,0,0,0,0,0,0,0,0,0,0,0,0,0,0,0,0,0,0,0,0,0,0,0,0,0,0,0,0,0,0,1,0,0,0,0,0,0,0,0,0,0,0,0,0,0,0,0,0,0,0,0,0,0,0,0,0,0,0,0,0,0,0,0,0,0,0
7.292702661082728,17.61127636599013,17.61856906865121,-69.17155946,7.888101115,7.818929555,85.7186534,17.87236535,17.958084,speakerID_1792,mandarin  (cmn),"tianjin, hebei, china",china,none,25,male,10,academic,usa,2.0,mandarin51.mp3,0,0,0,0,0,0,0,0,0,1,0,0,0,0,0,0,0,0,0,0,0,0,0,0,0,0,0,0,0,0,0,0,0,0,0,0,0,0,0,0,0,0,0,0,0,0,0,0,0,0,0,0,0,0,0,0,0,0,0,0,0,0,0,0,0,0,0,0,0,0,0,0,0,0,0,0,0,0,0,0,0,0,0,0,0,0,0,0,0,0,0,0,0,0,0,0
12.841135024618922,21.081359299983927,21.094200435008545,69.23228073,8.814248774,8.883481055,72.35488239,21.67301018,21.74536507,speakerID_1793,mandarin  (cmn),"shaoxing, zhejiang, china",china,japanese,26,female,6,academic,usa,1.0,mandarin52.mp3,0,0,0,0,0,0,0,0,0,0,0,0,1,0,0,0,0,0,0,0,0,0,0,0,0,0,0,0,0,0,0,0,0,0,0,0,0,0,0,0,0,0,0,0,0,0,0,0,0,0,0,0,0,0,0,0,0,0,0,0,0,0,0,0,0,0,0,0,0,0,0,0,0,0,0,0,0,0,0,0,0,0,0,0,0,0,0,0,0,0,0,0,0,0,0,0
8.112374748570517,18.320363226244634,18.328475600993205,65.61009738,8.37410134,8.439711437,82.81557764,18.76897814,18.85179372,speakerID_1817,mandarin  (cmn),"ningbo, zhejiang, china",china,none,38,female,13,academic,usa,15.0,mandarin53.mp3,0,0,0,0,0,0,0,0,0,1,0,0,0,0,0,0,0,0,0,0,0,0,0,0,0,0,0,0,0,0,0,0,0,0,0,0,0,0,0,0,0,0,0,0,0,0,0,0,0,0,0,0,0,0,0,0,0,0,0,0,0,0,0,0,0,0,0,0,0,0,0,0,0,0,0,0,0,0,0,0,0,0,0,0,0,0,0,0,0,0,0,0,0,0,0,0
10.116312167641084,13.709206081710349,13.71932239387799,51.4097498,6.20937481,6.26078456,76.48713239,13.89661723,13.97310436,speakerID_1900,mandarin  (cmn),"chengdu, sichuan, china",china,japanese,25,female,10,academic,usa,5.0,mandarin54.mp3,0,0,0,0,0,0,0,0,0,0,0,0,1,0,0,0,0,0,0,0,0,0,0,0,0,0,0,0,0,0,0,0,0,0,0,0,0,0,0,0,0,0,0,0,0,0,0,0,0,0,0,0,0,0,0,0,0,0,0,0,0,0,0,0,0,0,0,0,0,0,0,0,0,0,0,0,0,0,0,0,0,0,0,0,0,0,0,0,0,0,0,0,0,0,0,0
-120.43867588267076,21.289545940027715,21.169107264145044,112.2861719,9.719531757,9.831817929,46.96492616,22.59307151,22.64003644,speakerID_1909,mandarin  (cmn),"loudi, hunan, china",china,japanese spanish,25,female,13,academic,usa,1.5,mandarin55.mp3,0,0,0,0,0,0,0,0,0,0,0,0,1,0,0,0,0,0,0,0,0,0,0,0,0,0,0,0,0,0,0,0,0,0,0,0,0,0,0,0,0,0,0,0,0,0,0,0,0,0,0,0,0,0,0,0,0,0,0,0,0,0,0,0,1,0,0,0,0,0,0,0,0,0,0,0,0,0,0,0,0,0,0,0,0,0,0,0,0,0,0,0,0,0,0,0
-85.82614699315272,16.18443290098753,16.09860675399438,85.16339454,7.116089749,7.201253143,83.28453443,16.39442578,16.47771031,speakerID_1910,mandarin  (cmn),"baoding, hebei, china",china,korean thai,26,female,11,academic,usa,0.7,mandarin56.mp3,0,0,0,0,0,0,0,0,0,0,0,0,0,0,0,0,0,0,0,0,0,0,0,0,0,0,0,0,0,0,0,0,0,0,0,0,0,0,0,0,0,0,0,0,0,0,0,0,0,0,0,0,0,0,0,0,0,0,0,0,0,0,0,0,0,0,1,0,0,0,0,0,0,0,0,0,0,0,0,0,0,0,0,0,0,0,0,0,0,0,0,1,0,0,0,0
14.885230209618072,14.962074643383776,14.976959873593394,48.10001685,7.232275463,7.28037548,176.0452224,15.24413103,15.42017625,speakerID_1990,mandarin  (cmn),"shanghai, china",china,cantonese,20,male,12,academic,uk,0.2,mandarin57.mp3,0,0,0,0,0,0,0,0,0,0,0,0,0,0,0,0,0,0,0,0,0,0,0,0,0,0,0,0,0,0,0,0,0,0,0,0,0,0,0,0,0,0,0,0,0,0,0,0,0,0,0,0,0,0,0,0,0,0,0,0,0,0,0,0,0,0,0,0,0,0,0,0,0,0,0,0,0,0,0,0,0,0,0,0,0,0,0,1,0,0,0,0,0,0,0,0
,,,,,,,,,speakerID_2000,mandarin  (cmn),"superior, colorado, usa",usa,french,23,male,7,naturalistic,usa,16.0,mandarin58.mp3,0,0,0,0,0,0,0,0,0,0,0,1,0,0,0,0,0,0,0,0,0,0,0,0,0,0,0,0,0,0,0,0,0,0,0,0,0,0,0,0,0,0,0,0,0,0,0,0,0,0,0,0,0,0,0,0,0,0,0,0,0,0,0,0,0,0,0,0,0,0,0,0,0,0,0,0,0,0,0,0,0,0,0,0,0,0,0,0,0,0,0,0,0,0,0,0
-103.22109283924163,24.098357568937885,23.995136476098644,102.5730666,9.629903413,9.73247648,83.91409594,24.50659906,24.59051315,speakerID_2019,mandarin  (cmn),"kunming, yunnan, china",china,none,20,female,6,academic,usa,0.4,mandarin59.mp3,0,0,0,0,0,0,0,0,0,1,0,0,0,0,0,0,0,0,0,0,0,0,0,0,0,0,0,0,0,0,0,0,0,0,0,0,0,0,0,0,0,0,0,0,0,0,0,0,0,0,0,0,0,0,0,0,0,0,0,0,0,0,0,0,0,0,0,0,0,0,0,0,0,0,0,0,0,0,0,0,0,0,0,0,0,0,0,0,0,0,0,0,0,0,0,0
14.96329383188666,21.511309355538675,21.52627264937056,81.73408987,11.28662478,11.36835887,82.54343128,21.86428859,21.94683203,speakerID_2109,mandarin  (cmn),"guiyang, guizhou, china",china,cantonese,41,female,13,academic,usa,15.0,mandarin60.mp3,0,0,0,0,0,0,0,0,0,0,0,0,0,0,0,0,0,0,0,0,0,0,0,0,0,0,0,0,0,0,0,0,0,0,0,0,0,0,0,0,0,0,0,0,0,0,0,0,0,0,0,0,0,0,0,0,0,0,0,0,0,0,0,0,0,0,0,0,0,0,0,0,0,0,0,0,0,0,0,0,0,0,0,0,0,0,0,1,0,0,0,0,0,0,0,0
6.687280295892606,22.962860407766403,22.969547688062296,113.7703106,9.546929947,9.660700258,52.77540755,23.34351831,23.39629372,speakerID_2116,mandarin  (cmn),"shangrao, jiangxi, china",china,cantonese,33,female,16,academic,northern mariana islands,17.0,mandarin61.mp3,0,0,0,0,0,0,0,0,0,0,0,0,0,0,0,0,0,0,0,0,0,0,0,0,0,0,0,0,0,0,0,0,0,0,0,0,0,0,0,0,0,0,0,0,0,0,0,0,0,0,0,0,0,0,0,0,0,0,0,0,0,0,0,0,0,0,0,0,0,0,0,0,0,0,0,0,0,0,0,0,0,0,0,0,0,0,0,1,0,0,0,0,0,0,0,0
-115.75778370839807,15.254465603192019,15.13870781948362,37.60785444,6.927855916,6.96546377,63.63924087,15.46725144,15.53089069,speakerID_2117,mandarin  (cmn),"shanghai, china",china,spanish,24,male,7,academic,usa,5.5,mandarin62.mp3,0,0,0,0,0,0,0,0,0,0,0,0,0,0,0,0,0,0,0,0,0,0,0,0,0,0,0,0,0,0,0,0,0,0,0,0,0,0,0,0,0,0,0,0,0,0,0,0,0,0,0,0,0,0,0,0,0,0,0,0,0,0,0,0,1,0,0,0,0,0,0,0,0,0,0,0,0,0,0,0,0,0,0,0,0,0,0,0,0,0,0,0,0,0,0,0
6.523398565928318,17.02070064476813,17.02722404333406,43.10438171,8.35962009,8.402724472,78.08568396,17.23729232,17.31537801,speakerID_2119,mandarin  (cmn),"jiaozuo, henan, china",china,french,27,male,12,academic,usa,4.3,mandarin63.mp3,0,0,0,0,0,0,0,0,0,0,0,1,0,0,0,0,0,0,0,0,0,0,0,0,0,0,0,0,0,0,0,0,0,0,0,0,0,0,0,0,0,0,0,0,0,0,0,0,0,0,0,0,0,0,0,0,0,0,0,0,0,0,0,0,0,0,0,0,0,0,0,0,0,0,0,0,0,0,0,0,0,0,0,0,0,0,0,0,0,0,0,0,0,0,0,0
11.330885884646591,23.16031479080046,23.171645676685106,12.1753845,10.50071089,10.51288628,104.6673426,23.45109947,23.55576681,speakerID_2129,mandarin  (cmn),"fuzhou, fujian, china",china,min dong,24,female,10,academic,usa,5.0,mandarin64.mp3,0,0,0,0,0,0,0,0,0,0,1,0,0,0,0,0,0,0,0,0,0,0,0,0,0,0,0,0,0,0,0,0,0,0,0,0,0,0,0,0,0,0,0,0,0,0,0,0,0,0,0,0,0,0,0,0,0,0,0,1,0,0,0,0,0,0,0,0,0,0,0,0,0,0,0,0,0,0,0,0,0,0,0,0,0,0,0,0,0,0,0,0,0,0,0,0
,,,86.16107445,5.687324105,5.77348518,96.11832479,13.08138981,13.17750814,speakerID_2173,mandarin  (cmn),"tianjin, hebei, china",china,french,20,female,5,academic,usa,1.7,mandarin65.mp3,0,0,0,0,0,0,0,0,0,0,0,1,0,0,0,0,0,0,0,0,0,0,0,0,0,0,0,0,0,0,0,0,0,0,0,0,0,0,0,0,0,0,0,0,0,0,0,0,0,0,0,0,0,0,0,0,0,0,0,0,0,0,0,0,0,0,0,0,0,0,0,0,0,0,0,0,0,0,0,0,0,0,0,0,0,0,0,0,0,0,0,0,0,0,0,0
,,,64.31476675,6.390539969,6.454854736,90.54970404,14.35451618,14.44506589,speakerID_2252,mandarin  (cmn),"shanghai, china",china,spanish,22,female,19,academic,usa,3.0,mandarin66.mp3,0,0,0,0,0,0,0,0,0,0,0,0,0,0,0,0,0,0,0,0,0,0,0,0,0,0,0,0,0,0,0,0,0,0,0,0,0,0,0,0,0,0,0,0,0,0,0,0,0,0,0,0,0,0,0,0,0,0,0,0,0,0,0,0,1,0,0,0,0,0,0,0,0,0,0,0,0,0,0,0,0,0,0,0,0,0,0,0,0,0,0,0,0,0,0,0
,,,43.31192424,6.848423101,6.891735025,47.69915912,15.72811844,15.7758176,speakerID_2274,mandarin  (cmn),"nanjing, china",china,none,23,male,13,academic,,0.0,mandarin67.mp3,0,0,0,0,0,0,0,0,0,1,0,0,0,0,0,0,0,0,0,0,0,0,0,0,0,0,0,0,0,0,0,0,0,0,0,0,0,0,0,0,0,0,0,0,0,0,0,0,0,0,0,0,0,0,0,0,0,0,0,0,0,0,0,0,0,0,0,0,0,0,0,0,0,0,0,0,0,0,0,0,0,0,0,0,0,0,0,0,0,0,0,0,0,0,0,0
,,,108.6356482,7.920923964,8.029559612,88.91407919,18.00241484,18.09132892,speakerID_2281,mandarin  (cmn),"dongyang, zhejiang, china",china,none,23,male,10,academic,,0.0,mandarin68.mp3,0,0,0,0,0,0,0,0,0,1,0,0,0,0,0,0,0,0,0,0,0,0,0,0,0,0,0,0,0,0,0,0,0,0,0,0,0,0,0,0,0,0,0,0,0,0,0,0,0,0,0,0,0,0,0,0,0,0,0,0,0,0,0,0,0,0,0,0,0,0,0,0,0,0,0,0,0,0,0,0,0,0,0,0,0,0,0,0,0,0,0,0,0,0,0,0
,,,104.4563836,9.847831708,9.952288091,81.20382691,21.69640381,21.77760764,speakerID_2282,mandarin  (cmn),"taizhou, jiangsu, china",china,german,22,male,12,academic,,0.0,mandarin69.mp3,0,0,0,0,0,0,0,0,0,0,0,0,0,0,0,0,0,0,0,0,0,0,0,0,0,0,0,0,0,0,0,0,0,0,0,0,0,0,0,0,0,0,1,0,0,0,0,0,0,0,0,0,0,0,0,0,0,0,0,0,0,0,0,0,0,0,0,0,0,0,0,0,0,0,0,0,0,0,0,0,0,0,0,0,0,0,0,0,0,0,0,0,0,0,0,0
,,,52.9222265,7.782887731,7.835809958,87.04765876,17.89219538,17.97924304,speakerID_2291,mandarin  (cmn),"shanghai, china",china,japanese,21,female,8,academic,usa,2.0,mandarin70.mp3,0,0,0,0,0,0,0,0,0,0,0,0,1,0,0,0,0,0,0,0,0,0,0,0,0,0,0,0,0,0,0,0,0,0,0,0,0,0,0,0,0,0,0,0,0,0,0,0,0,0,0,0,0,0,0,0,0,0,0,0,0,0,0,0,0,0,0,0,0,0,0,0,0,0,0,0,0,0,0,0,0,0,0,0,0,0,0,0,0,0,0,0,0,0,0,0
,,,92.84939731,7.763480302,7.856329699,59.31458804,15.23484639,15.29416098,speakerID_2294,mandarin  (cmn),"chengdu, sichuan, china",china,french,20,female,6,academic,usa,0.2,mandarin71.mp3,0,0,0,0,0,0,0,0,0,0,0,1,0,0,0,0,0,0,0,0,0,0,0,0,0,0,0,0,0,0,0,0,0,0,0,0,0,0,0,0,0,0,0,0,0,0,0,0,0,0,0,0,0,0,0,0,0,0,0,0,0,0,0,0,0,0,0,0,0,0,0,0,0,0,0,0,0,0,0,0,0,0,0,0,0,0,0,0,0,0,0,0,0,0,0,0
,,,,,,,,,speakerID_2306,mandarin  (cmn),"taichung, taiwan",taiwan,taiwanese,22,female,10,academic,usa,10.0,mandarin72.mp3,0,0,0,0,0,0,0,0,0,0,0,0,0,0,0,0,0,0,0,0,0,0,0,0,0,0,0,0,0,0,0,0,0,0,0,0,0,0,0,0,0,0,0,0,0,0,0,0,0,0,0,0,0,0,0,0,0,0,0,0,1,0,0,0,0,0,0,0,0,0,0,0,0,0,0,0,0,0,0,0,0,0,0,0,0,0,0,0,0,0,0,0,0,0,0,0
,,,97.58354103,8.84929064,8.946874181,113.2518525,18.95269795,19.0659498,speakerID_2319,mandarin  (cmn),"chengdu, sichuan, china",china,none,27,female,10,academic,usa,10.0,mandarin73.mp3,0,0,0,0,0,0,0,0,0,1,0,0,0,0,0,0,0,0,0,0,0,0,0,0,0,0,0,0,0,0,0,0,0,0,0,0,0,0,0,0,0,0,0,0,0,0,0,0,0,0,0,0,0,0,0,0,0,0,0,0,0,0,0,0,0,0,0,0,0,0,0,0,0,0,0,0,0,0,0,0,0,0,0,0,0,0,0,0,0,0,0,0,0,0,0,0
,,,54.73579002,12.67959463,12.73433042,96.07226246,33.51445155,33.61052381,speakerID_2323,mandarin  (cmn),"shenzhen, china",china,none,19,male,13,naturalistic,usa,4.0,mandarin74.mp3,0,0,0,0,0,0,0,0,0,1,0,0,0,0,0,0,0,0,0,0,0,0,0,0,0,0,0,0,0,0,0,0,0,0,0,0,0,0,0,0,0,0,0,0,0,0,0,0,0,0,0,0,0,0,0,0,0,0,0,0,0,0,0,0,0,0,0,0,0,0,0,0,0,0,0,0,0,0,0,0,0,0,0,0,0,0,0,0,0,0,0,0,0,0,0,0
,,,,,,,,,speakerID_2332,mandarin  (cmn),"taipei, taiwan",taiwan,taiwanese,20,male,13,naturalistic,usa,6.5,mandarin75.mp3,0,0,0,0,0,0,0,0,0,0,0,0,0,0,0,0,0,0,0,0,0,0,0,0,0,0,0,0,0,0,0,0,0,0,0,0,0,0,0,0,0,0,0,0,0,0,0,0,0,0,0,0,0,0,0,0,0,0,0,0,1,0,0,0,0,0,0,0,0,0,0,0,0,0,0,0,0,0,0,0,0,0,0,0,0,0,0,0,0,0,0,0,0,0,0,0
,,,36.52091524,7.817418723,7.853939639,80.56219928,18.6651056,18.7456678,speakerID_2348,mandarin  (cmn),"zhengzhou, henan, china",china,none,29,male,12,academic,usa,5.0,mandarin76.mp3,0,0,0,0,0,0,0,0,0,1,0,0,0,0,0,0,0,0,0,0,0,0,0,0,0,0,0,0,0,0,0,0,0,0,0,0,0,0,0,0,0,0,0,0,0,0,0,0,0,0,0,0,0,0,0,0,0,0,0,0,0,0,0,0,0,0,0,0,0,0,0,0,0,0,0,0,0,0,0,0,0,0,0,0,0,0,0,0,0,0,0,0,0,0,0,0
,,,36.44152946,7.888130022,7.924571552,84.50573392,17.87785457,17.96236031,speakerID_2355,mandarin  (cmn),"jingjiang, jiangsu, china",china,german,20,female,8,academic,,0.0,mandarin77.mp3,0,0,0,0,0,0,0,0,0,0,0,0,0,0,0,0,0,0,0,0,0,0,0,0,0,0,0,0,0,0,0,0,0,0,0,0,0,0,0,0,0,0,1,0,0,0,0,0,0,0,0,0,0,0,0,0,0,0,0,0,0,0,0,0,0,0,0,0,0,0,0,0,0,0,0,0,0,0,0,0,0,0,0,0,0,0,0,0,0,0,0,0,0,0,0,0
,,,38.66257743,8.426931001,8.465593579,66.6233501,19.0511122,19.11773555,speakerID_2360,mandarin  (cmn),"ganzhou, jiangxi, china",china,japanese korean,20,female,6,academic,,0.0,mandarin78.mp3,0,0,0,0,0,0,0,0,0,0,0,0,1,0,0,0,0,0,0,0,0,0,0,0,0,0,0,0,0,0,0,0,0,0,0,0,0,0,0,0,0,0,0,0,0,0,0,0,0,0,0,0,0,0,0,0,0,0,0,0,0,0,0,0,0,0,1,0,0,0,0,0,0,0,0,0,0,0,0,0,0,0,0,0,0,0,0,0,0,0,0,0,0,0,0,0
,,,,,,,,,speakerID_2365,mandarin  (cmn),"johor bahru, malaysia",malaysia,malay hokkien cantonese korean japanese,19,female,2,academic,australia,0.1,mandarin79.mp3,0,0,0,0,0,0,0,0,0,0,0,0,1,0,0,0,0,0,0,0,0,0,0,0,0,0,0,0,0,0,0,0,0,0,1,0,0,0,0,0,0,0,0,0,0,0,0,0,0,0,0,0,1,0,0,0,0,0,0,0,0,0,0,0,0,0,1,0,0,0,0,0,0,0,0,0,0,0,0,0,0,0,0,0,0,0,0,1,0,0,0,0,0,0,0,0
,,,64.60635621,12.11372519,12.17833155,85.2022966,29.31615676,29.40135906,speakerID_2413,mandarin  (cmn),"xi'an, shanxi, china",china,none,21,male,10,academic,usa,1.0,mandarin80.mp3,0,0,0,0,0,0,0,0,0,1,0,0,0,0,0,0,0,0,0,0,0,0,0,0,0,0,0,0,0,0,0,0,0,0,0,0,0,0,0,0,0,0,0,0,0,0,0,0,0,0,0,0,0,0,0,0,0,0,0,0,0,0,0,0,0,0,0,0,0,0,0,0,0,0,0,0,0,0,0,0,0,0,0,0,0,0,0,0,0,0,0,0,0,0,0,0
,,,124.786353,8.557570065,8.682356418,103.6795652,19.02516102,19.12884059,speakerID_2414,mandarin  (cmn),"suzhou, jiangsu, china",china,none,22,female,10,academic,usa,0.1,mandarin81.mp3,0,0,0,0,0,0,0,0,0,1,0,0,0,0,0,0,0,0,0,0,0,0,0,0,0,0,0,0,0,0,0,0,0,0,0,0,0,0,0,0,0,0,0,0,0,0,0,0,0,0,0,0,0,0,0,0,0,0,0,0,0,0,0,0,0,0,0,0,0,0,0,0,0,0,0,0,0,0,0,0,0,0,0,0,0,0,0,0,0,0,0,0,0,0,0,0
,,,42.06069561,8.448210372,8.490271068,69.203633,17.77624112,17.84544475,speakerID_2418,mandarin  (cmn),"wuhai, china",china,none,23,female,13,academic,usa,0.1,mandarin82.mp3,0,0,0,0,0,0,0,0,0,1,0,0,0,0,0,0,0,0,0,0,0,0,0,0,0,0,0,0,0,0,0,0,0,0,0,0,0,0,0,0,0,0,0,0,0,0,0,0,0,0,0,0,0,0,0,0,0,0,0,0,0,0,0,0,0,0,0,0,0,0,0,0,0,0,0,0,0,0,0,0,0,0,0,0,0,0,0,0,0,0,0,0,0,0,0,0
,,,77.03018958,9.876216612,9.953246802,65.83098184,19.14423266,19.21006364,speakerID_2419,mandarin  (cmn),"zhengzhou, henan, china",china,none,26,female,12,academic,usa,1.0,mandarin83.mp3,0,0,0,0,0,0,0,0,0,1,0,0,0,0,0,0,0,0,0,0,0,0,0,0,0,0,0,0,0,0,0,0,0,0,0,0,0,0,0,0,0,0,0,0,0,0,0,0,0,0,0,0,0,0,0,0,0,0,0,0,0,0,0,0,0,0,0,0,0,0,0,0,0,0,0,0,0,0,0,0,0,0,0,0,0,0,0,0,0,0,0,0,0,0,0,0
,,,39.42041755,9.843481622,9.882902039,56.53727151,20.61969785,20.67623512,speakerID_2420,mandarin  (cmn),"zhengzhou, henan, china",china,none,24,female,10,academic,usa,1.0,mandarin84.mp3,0,0,0,0,0,0,0,0,0,1,0,0,0,0,0,0,0,0,0,0,0,0,0,0,0,0,0,0,0,0,0,0,0,0,0,0,0,0,0,0,0,0,0,0,0,0,0,0,0,0,0,0,0,0,0,0,0,0,0,0,0,0,0,0,0,0,0,0,0,0,0,0,0,0,0,0,0,0,0,0,0,0,0,0,0,0,0,0,0,0,0,0,0,0,0,0
,,,57.369958,8.151117952,8.20848791,79.6606873,17.31265992,17.39232061,speakerID_2421,mandarin  (cmn),"changsha, hunan, china",china,none,23,female,10,academic,usa,1.0,mandarin85.mp3,0,0,0,0,0,0,0,0,0,1,0,0,0,0,0,0,0,0,0,0,0,0,0,0,0,0,0,0,0,0,0,0,0,0,0,0,0,0,0,0,0,0,0,0,0,0,0,0,0,0,0,0,0,0,0,0,0,0,0,0,0,0,0,0,0,0,0,0,0,0,0,0,0,0,0,0,0,0,0,0,0,0,0,0,0,0,0,0,0,0,0,0,0,0,0,0
,,,71.91333363,8.994159315,9.066072649,81.26049091,20.35224732,20.43350781,speakerID_2423,mandarin  (cmn),"shenyang, liaoning, china",china,none,22,female,7,academic,usa,0.1,mandarin86.mp3,0,0,0,0,0,0,0,0,0,1,0,0,0,0,0,0,0,0,0,0,0,0,0,0,0,0,0,0,0,0,0,0,0,0,0,0,0,0,0,0,0,0,0,0,0,0,0,0,0,0,0,0,0,0,0,0,0,0,0,0,0,0,0,0,0,0,0,0,0,0,0,0,0,0,0,0,0,0,0,0,0,0,0,0,0,0,0,0,0,0,0,0,0,0,0,0
,,,78.31504437,8.016000507,8.094315552,124.5058596,16.89286968,17.01737554,speakerID_2435,mandarin  (cmn),"lanzhou, gansu, china",china,none,22,female,7,academic,usa,1.0,mandarin87.mp3,0,0,0,0,0,0,0,0,0,1,0,0,0,0,0,0,0,0,0,0,0,0,0,0,0,0,0,0,0,0,0,0,0,0,0,0,0,0,0,0,0,0,0,0,0,0,0,0,0,0,0,0,0,0,0,0,0,0,0,0,0,0,0,0,0,0,0,0,0,0,0,0,0,0,0,0,0,0,0,0,0,0,0,0,0,0,0,0,0,0,0,0,0,0,0,0
,,,29.76168425,8.499768353,8.529530037,44.59676604,19.86441593,19.9090127,speakerID_2447,mandarin  (cmn),"anqing, anhui, china",china,japanese,23,male,8,academic,,0.0,mandarin88.mp3,0,0,0,0,0,0,0,0,0,0,0,0,1,0,0,0,0,0,0,0,0,0,0,0,0,0,0,0,0,0,0,0,0,0,0,0,0,0,0,0,0,0,0,0,0,0,0,0,0,0,0,0,0,0,0,0,0,0,0,0,0,0,0,0,0,0,0,0,0,0,0,0,0,0,0,0,0,0,0,0,0,0,0,0,0,0,0,0,0,0,0,0,0,0,0,0
,,,58.23618495,8.746934229,8.805170414,77.50156552,19.672602,19.75010356,speakerID_2448,mandarin  (cmn),"taiyuan, shanxi, china",china,none,19,male,12,academic,usa,1.0,mandarin89.mp3,0,0,0,0,0,0,0,0,0,1,0,0,0,0,0,0,0,0,0,0,0,0,0,0,0,0,0,0,0,0,0,0,0,0,0,0,0,0,0,0,0,0,0,0,0,0,0,0,0,0,0,0,0,0,0,0,0,0,0,0,0,0,0,0,0,0,0,0,0,0,0,0,0,0,0,0,0,0,0,0,0,0,0,0,0,0,0,0,0,0,0,0,0,0,0,0
,,,41.33889848,6.172665137,6.214004035,91.22388914,15.39473985,15.48596373,speakerID_2461,mandarin  (cmn),"chengdu, sichuan, china",china,none,27,male,8,academic,usa,0.8,mandarin90.mp3,0,0,0,0,0,0,0,0,0,1,0,0,0,0,0,0,0,0,0,0,0,0,0,0,0,0,0,0,0,0,0,0,0,0,0,0,0,0,0,0,0,0,0,0,0,0,0,0,0,0,0,0,0,0,0,0,0,0,0,0,0,0,0,0,0,0,0,0,0,0,0,0,0,0,0,0,0,0,0,0,0,0,0,0,0,0,0,0,0,0,0,0,0,0,0,0
,,,83.5776201,8.458779529,8.542357149,87.48194466,17.92272676,18.01020871,speakerID_2463,mandarin  (cmn),"tongcheng, anhui, china",china,none,22,male,13,academic,,0.0,mandarin91.mp3,0,0,0,0,0,0,0,0,0,1,0,0,0,0,0,0,0,0,0,0,0,0,0,0,0,0,0,0,0,0,0,0,0,0,0,0,0,0,0,0,0,0,0,0,0,0,0,0,0,0,0,0,0,0,0,0,0,0,0,0,0,0,0,0,0,0,0,0,0,0,0,0,0,0,0,0,0,0,0,0,0,0,0,0,0,0,0,0,0,0,0,0,0,0,0,0
,,,103.7315702,9.96937684,10.07310841,58.02959428,21.45073157,21.50876117,speakerID_2469,mandarin  (cmn),"huai'an, jiangsu, china",china,none,23,female,10,academic,,0.0,mandarin92.mp3,0,0,0,0,0,0,0,0,0,1,0,0,0,0,0,0,0,0,0,0,0,0,0,0,0,0,0,0,0,0,0,0,0,0,0,0,0,0,0,0,0,0,0,0,0,0,0,0,0,0,0,0,0,0,0,0,0,0,0,0,0,0,0,0,0,0,0,0,0,0,0,0,0,0,0,0,0,0,0,0,0,0,0,0,0,0,0,0,0,0,0,0,0,0,0,0
,,,73.60289282,7.466381333,7.539984226,179.1162735,18.08211213,18.2612284,speakerID_2474,mandarin  (cmn),"xi'an, shanxi, china",china,french,22,female,6,academic,usa,0.3,mandarin93.mp3,0,0,0,0,0,0,0,0,0,0,0,1,0,0,0,0,0,0,0,0,0,0,0,0,0,0,0,0,0,0,0,0,0,0,0,0,0,0,0,0,0,0,0,0,0,0,0,0,0,0,0,0,0,0,0,0,0,0,0,0,0,0,0,0,0,0,0,0,0,0,0,0,0,0,0,0,0,0,0,0,0,0,0,0,0,0,0,0,0,0,0,0,0,0,0,0
,,,42.67653482,6.866745151,6.909421686,125.6652075,15.08449033,15.21015554,speakerID_2477,mandarin  (cmn),"baotou, inner mongolia, china",china,none,23,male,8,academic,usa,0.3,mandarin94.mp3,0,0,0,0,0,0,0,0,0,1,0,0,0,0,0,0,0,0,0,0,0,0,0,0,0,0,0,0,0,0,0,0,0,0,0,0,0,0,0,0,0,0,0,0,0,0,0,0,0,0,0,0,0,0,0,0,0,0,0,0,0,0,0,0,0,0,0,0,0,0,0,0,0,0,0,0,0,0,0,0,0,0,0,0,0,0,0,0,0,0,0,0,0,0,0,0
,,,11.70932729,8.012832066,8.024541393,92.33361475,18.31674309,18.4090767,speakerID_2483,mandarin  (cmn),"yangxin, hubei, china",china,arabic,29,female,11,academic,usa,2.0,mandarin95.mp3,0,0,0,0,0,0,0,0,0,0,0,0,0,0,0,0,0,1,0,0,0,0,0,0,0,0,0,0,0,0,0,0,0,0,0,0,0,0,0,0,0,0,0,0,0,0,0,0,0,0,0,0,0,0,0,0,0,0,0,0,0,0,0,0,0,0,0,0,0,0,0,0,0,0,0,0,0,0,0,0,0,0,0,0,0,0,0,0,0,0,0,0,0,0,0,0
,,,71.17921396,7.463761461,7.534940675,117.343053,16.36966376,16.48700681,speakerID_2494,mandarin  (cmn),"qingdao, shandong, china",china,none,27,female,9,academic,usa,5.4,mandarin96.mp3,0,0,0,0,0,0,0,0,0,1,0,0,0,0,0,0,0,0,0,0,0,0,0,0,0,0,0,0,0,0,0,0,0,0,0,0,0,0,0,0,0,0,0,0,0,0,0,0,0,0,0,0,0,0,0,0,0,0,0,0,0,0,0,0,0,0,0,0,0,0,0,0,0,0,0,0,0,0,0,0,0,0,0,0,0,0,0,0,0,0,0,0,0,0,0,0
,,,74.22313285,6.623953293,6.698176425,72.07367718,14.54109428,14.61316796,speakerID_2523,mandarin  (cmn),"jiujiang, jiangxi, china",china,none,28,female,11,academic,hong kong,1.5,mandarin97.mp3,0,0,0,0,0,0,0,0,0,1,0,0,0,0,0,0,0,0,0,0,0,0,0,0,0,0,0,0,0,0,0,0,0,0,0,0,0,0,0,0,0,0,0,0,0,0,0,0,0,0,0,0,0,0,0,0,0,0,0,0,0,0,0,0,0,0,0,0,0,0,0,0,0,0,0,0,0,0,0,0,0,0,0,0,0,0,0,0,0,0,0,0,0,0,0,0
,,,52.87780532,10.36837366,10.42125146,97.23282648,23.23805226,23.33528508,speakerID_2524,mandarin  (cmn),"nanchang, jiangxi, china",china,none,25,female,11,academic,australia,1.5,mandarin98.mp3,0,0,0,0,0,0,0,0,0,1,0,0,0,0,0,0,0,0,0,0,0,0,0,0,0,0,0,0,0,0,0,0,0,0,0,0,0,0,0,0,0,0,0,0,0,0,0,0,0,0,0,0,0,0,0,0,0,0,0,0,0,0,0,0,0,0,0,0,0,0,0,0,0,0,0,0,0,0,0,0,0,0,0,0,0,0,0,0,0,0,0,0,0,0,0,0
,,,32.46364839,7.924566592,7.95703024,50.77288192,15.6502231,15.70099598,speakerID_2529,mandarin  (cmn),"nanchang, jiangxi, china",china,none,26,female,9,academic,uk,1.0,mandarin99.mp3,0,0,0,0,0,0,0,0,0,1,0,0,0,0,0,0,0,0,0,0,0,0,0,0,0,0,0,0,0,0,0,0,0,0,0,0,0,0,0,0,0,0,0,0,0,0,0,0,0,0,0,0,0,0,0,0,0,0,0,0,0,0,0,0,0,0,0,0,0,0,0,0,0,0,0,0,0,0,0,0,0,0,0,0,0,0,0,0,0,0,0,0,0,0,0,0
,,,59.12039042,8.887735759,8.946856149,38.37822561,18.54635815,18.58473638,speakerID_2530,mandarin  (cmn),"wuhan, hubei, china",china,none,25,female,13,academic,,0.0,mandarin100.mp3,0,0,0,0,0,0,0,0,0,1,0,0,0,0,0,0,0,0,0,0,0,0,0,0,0,0,0,0,0,0,0,0,0,0,0,0,0,0,0,0,0,0,0,0,0,0,0,0,0,0,0,0,0,0,0,0,0,0,0,0,0,0,0,0,0,0,0,0,0,0,0,0,0,0,0,0,0,0,0,0,0,0,0,0,0,0,0,0,0,0,0,0,0,0,0,0
,,,73.13844143,9.211043598,9.284182039,93.252852,21.86516608,21.95841893,speakerID_2531,mandarin  (cmn),"jiujiang, jiangxi, china",china,japanese,23,female,10,academic,,0.0,mandarin101.mp3,0,0,0,0,0,0,0,0,0,0,0,0,1,0,0,0,0,0,0,0,0,0,0,0,0,0,0,0,0,0,0,0,0,0,0,0,0,0,0,0,0,0,0,0,0,0,0,0,0,0,0,0,0,0,0,0,0,0,0,0,0,0,0,0,0,0,0,0,0,0,0,0,0,0,0,0,0,0,0,0,0,0,0,0,0,0,0,0,0,0,0,0,0,0,0,0
,,,14.80961181,9.253389675,9.268199287,58.83229396,19.87768246,19.93651476,speakerID_2532,mandarin  (cmn),"huanggang, hubei, china",china,japanese,27,female,10,academic,,0.0,mandarin102.mp3,0,0,0,0,0,0,0,0,0,0,0,0,1,0,0,0,0,0,0,0,0,0,0,0,0,0,0,0,0,0,0,0,0,0,0,0,0,0,0,0,0,0,0,0,0,0,0,0,0,0,0,0,0,0,0,0,0,0,0,0,0,0,0,0,0,0,0,0,0,0,0,0,0,0,0,0,0,0,0,0,0,0,0,0,0,0,0,0,0,0,0,0,0,0,0,0
,,,60.0321066,10.58533152,10.64536362,99.52295871,22.72722049,22.82674344,speakerID_2538,mandarin  (cmn),"le shan, sichuan, china",china,french,27,female,12,academic,usa,1.0,mandarin103.mp3,0,0,0,0,0,0,0,0,0,0,0,1,0,0,0,0,0,0,0,0,0,0,0,0,0,0,0,0,0,0,0,0,0,0,0,0,0,0,0,0,0,0,0,0,0,0,0,0,0,0,0,0,0,0,0,0,0,0,0,0,0,0,0,0,0,0,0,0,0,0,0,0,0,0,0,0,0,0,0,0,0,0,0,0,0,0,0,0,0,0,0,0,0,0,0,0
,,,30.23187508,9.483710497,9.513942372,54.01826088,23.05068434,23.1047026,speakerID_2539,mandarin  (cmn),"beijing, china",china,none,29,female,7,academic,usa,2.0,mandarin104.mp3,0,0,0,0,0,0,0,0,0,1,0,0,0,0,0,0,0,0,0,0,0,0,0,0,0,0,0,0,0,0,0,0,0,0,0,0,0,0,0,0,0,0,0,0,0,0,0,0,0,0,0,0,0,0,0,0,0,0,0,0,0,0,0,0,0,0,0,0,0,0,0,0,0,0,0,0,0,0,0,0,0,0,0,0,0,0,0,0,0,0,0,0,0,0,0,0
,,,49.15329638,7.717324719,7.766478015,41.58179916,17.75763138,17.79921318,speakerID_2540,mandarin  (cmn),"tongliao, inner mongolia, china",china,cantonese korean,26,female,12,academic,usa,2.0,mandarin105.mp3,0,0,0,0,0,0,0,0,0,0,0,0,0,0,0,0,0,0,0,0,0,0,0,0,0,0,0,0,0,0,0,0,0,0,0,0,0,0,0,0,0,0,0,0,0,0,0,0,0,0,0,0,0,0,0,0,0,0,0,0,0,0,0,0,0,0,1,0,0,0,0,0,0,0,0,0,0,0,0,0,0,0,0,0,0,0,0,1,0,0,0,0,0,0,0,0
,,,84.39798539,8.204219634,8.28861762,134.5863273,18.95216296,19.08674929,speakerID_2542,mandarin  (cmn),"xi'an, shanxi, china",china,none,25,female,2,academic,usa,5.0,mandarin106.mp3,0,0,0,0,0,0,0,0,0,1,0,0,0,0,0,0,0,0,0,0,0,0,0,0,0,0,0,0,0,0,0,0,0,0,0,0,0,0,0,0,0,0,0,0,0,0,0,0,0,0,0,0,0,0,0,0,0,0,0,0,0,0,0,0,0,0,0,0,0,0,0,0,0,0,0,0,0,0,0,0,0,0,0,0,0,0,0,0,0,0,0,0,0,0,0,0
,,,69.7150653,5.687611301,5.757326366,154.8416586,14.41899564,14.5738373,speakerID_2554,mandarin  (cmn),"taiyuan, shanxi, china",china,cantonese korean japanese,26,female,8,academic,australia,1.0,mandarin107.mp3,0,0,0,0,0,0,0,0,0,0,0,0,1,0,0,0,0,0,0,0,0,0,0,0,0,0,0,0,0,0,0,0,0,0,0,0,0,0,0,0,0,0,0,0,0,0,0,0,0,0,0,0,0,0,0,0,0,0,0,0,0,0,0,0,0,0,1,0,0,0,0,0,0,0,0,0,0,0,0,0,0,0,0,0,0,0,0,1,0,0,0,0,0,0,0,0
,,,105.906651,7.610478442,7.716385093,125.8384003,16.97006068,17.09589908,speakerID_2557,mandarin  (cmn),"nanning, guangxi, china",china,cantonese,26,female,14,academic,australia,5.0,mandarin108.mp3,0,0,0,0,0,0,0,0,0,0,0,0,0,0,0,0,0,0,0,0,0,0,0,0,0,0,0,0,0,0,0,0,0,0,0,0,0,0,0,0,0,0,0,0,0,0,0,0,0,0,0,0,0,0,0,0,0,0,0,0,0,0,0,0,0,0,0,0,0,0,0,0,0,0,0,0,0,0,0,0,0,0,0,0,0,0,0,1,0,0,0,0,0,0,0,0
,,,72.84736104,6.529245127,6.602092488,88.90065174,14.98962003,15.07852068,speakerID_2559,mandarin  (cmn),"xi'an, shanxi, china",china,french,23,female,4,academic,australia,0.5,mandarin109.mp3,0,0,0,0,0,0,0,0,0,0,0,1,0,0,0,0,0,0,0,0,0,0,0,0,0,0,0,0,0,0,0,0,0,0,0,0,0,0,0,0,0,0,0,0,0,0,0,0,0,0,0,0,0,0,0,0,0,0,0,0,0,0,0,0,0,0,0,0,0,0,0,0,0,0,0,0,0,0,0,0,0,0,0,0,0,0,0,0,0,0,0,0,0,0,0,0
,,,113.7080931,7.134917952,7.248626045,108.0796469,15.78537741,15.89345705,speakerID_2560,mandarin  (cmn),"panjin, liaoning, china",china,french german ancient greek latin,24,female,7,academic,australia,2.0,mandarin110.mp3,0,0,0,0,0,0,0,0,0,0,0,1,0,0,0,0,0,0,0,0,0,0,0,0,0,0,0,0,0,0,0,0,0,0,0,0,0,0,0,0,0,0,1,0,0,0,0,0,0,0,0,0,0,0,0,0,0,0,0,0,0,0,0,0,0,0,0,1,0,1,0,0,0,0,0,0,0,0,0,0,0,0,0,0,0,0,0,0,0,0,0,0,1,0,0,0
,,,53.55719041,8.612562609,8.6661198,59.1613314,19.51410363,19.57326496,speakerID_2562,mandarin  (cmn),"beijing, china",china,none,23,female,6,academic,australia,0.2,mandarin111.mp3,0,0,0,0,0,0,0,0,0,1,0,0,0,0,0,0,0,0,0,0,0,0,0,0,0,0,0,0,0,0,0,0,0,0,0,0,0,0,0,0,0,0,0,0,0,0,0,0,0,0,0,0,0,0,0,0,0,0,0,0,0,0,0,0,0,0,0,0,0,0,0,0,0,0,0,0,0,0,0,0,0,0,0,0,0,0,0,0,0,0,0,0,0,0,0,0
,,,73.69004088,9.133860149,9.20755019,96.16620694,20.45187728,20.54804349,speakerID_2564,mandarin  (cnm),"tianjin, china",china,none,26,male,6,academic,usa,0.8,mandarin112.mp3,0,0,0,0,0,0,0,0,0,1,0,0,0,0,0,0,0,0,0,0,0,0,0,0,0,0,0,0,0,0,0,0,0,0,0,0,0,0,0,0,0,0,0,0,0,0,0,0,0,0,0,0,0,0,0,0,0,0,0,0,0,0,0,0,0,0,0,0,0,0,0,0,0,0,0,0,0,0,0,0,0,0,0,0,0,0,0,0,0,0,0,0,0,0,0,0
,,,68.01802034,12.4676725,12.53569052,118.1862407,29.72857608,29.84676232,speakerID_2566,mandarin  (cmn),"hohhot, inner mongolia, china",china,none,29,male,10,academic,usa,0.8,mandarin113.mp3,0,0,0,0,0,0,0,0,0,1,0,0,0,0,0,0,0,0,0,0,0,0,0,0,0,0,0,0,0,0,0,0,0,0,0,0,0,0,0,0,0,0,0,0,0,0,0,0,0,0,0,0,0,0,0,0,0,0,0,0,0,0,0,0,0,0,0,0,0,0,0,0,0,0,0,0,0,0,0,0,0,0,0,0,0,0,0,0,0,0,0,0,0,0,0,0
,,,75.17798995,8.516834501,8.592012491,90.9366803,20.73584728,20.82678396,speakerID_2599,mandarin  (cmn),"beijing, china",china,none,19,female,13,academic,usa,6.0,mandarin114.mp3,0,0,0,0,0,0,0,0,0,1,0,0,0,0,0,0,0,0,0,0,0,0,0,0,0,0,0,0,0,0,0,0,0,0,0,0,0,0,0,0,0,0,0,0,0,0,0,0,0,0,0,0,0,0,0,0,0,0,0,0,0,0,0,0,0,0,0,0,0,0,0,0,0,0,0,0,0,0,0,0,0,0,0,0,0,0,0,0,0,0,0,0,0,0,0,0
,,,55.05333034,7.797459185,7.852512515,85.71556216,15.54784838,15.63356394,speakerID_2675,mandarin  (cmn),"urumqi, xinjiang, china",china,latin,19,male,5,academic,,0.0,mandarin115.mp3,0,0,0,0,0,0,0,0,0,0,0,0,0,0,0,0,0,0,0,0,0,0,0,0,0,0,0,0,0,0,0,0,0,0,0,0,0,0,0,0,0,0,0,0,0,0,0,0,0,0,0,0,0,0,0,0,0,0,0,0,0,0,0,0,0,0,0,0,0,1,0,0,0,0,0,0,0,0,0,0,0,0,0,0,0,0,0,0,0,0,0,0,0,0,0,0
,,,52.23511653,6.322413243,6.37464836,86.47587499,15.03217635,15.11865222,speakerID_2677,mandarin  (cmn),"baotou, inner mongolia, china",china,mongolian french,24,male,9,academic,usa,1.0,mandarin116.mp3,0,0,0,0,0,0,0,0,0,0,0,1,0,0,0,0,0,0,0,0,0,0,0,0,0,0,0,0,0,0,0,0,0,0,0,0,0,0,0,0,0,0,0,0,0,0,0,0,0,0,0,0,0,0,0,0,0,0,0,0,0,0,0,0,0,0,0,0,0,0,1,0,0,0,0,0,0,0,0,0,0,0,0,0,0,0,0,0,0,0,0,0,0,0,0,0
,,,17.725993,7.340492635,7.358218628,89.13089758,16.05651746,16.14564836,speakerID_2678,mandarin  (cmn),"changchun, jilin, china",china,none,25,male,9,academic,usa,6.0,mandarin117.mp3,0,0,0,0,0,0,0,0,0,1,0,0,0,0,0,0,0,0,0,0,0,0,0,0,0,0,0,0,0,0,0,0,0,0,0,0,0,0,0,0,0,0,0,0,0,0,0,0,0,0,0,0,0,0,0,0,0,0,0,0,0,0,0,0,0,0,0,0,0,0,0,0,0,0,0,0,0,0,0,0,0,0,0,0,0,0,0,0,0,0,0,0,0,0,0,0
,,,,,,,,,speakerID_2679,mandarin  (cmn),"xi'an, shanxi, china",china,none,24,female,9,academic,usa,1.0,mandarin118.mp3,0,0,0,0,0,0,0,0,0,1,0,0,0,0,0,0,0,0,0,0,0,0,0,0,0,0,0,0,0,0,0,0,0,0,0,0,0,0,0,0,0,0,0,0,0,0,0,0,0,0,0,0,0,0,0,0,0,0,0,0,0,0,0,0,0,0,0,0,0,0,0,0,0,0,0,0,0,0,0,0,0,0,0,0,0,0,0,0,0,0,0,0,0,0,0,0
,,,,,,,,,speakerID_2699,mandarin  (cmn),"changchun, jilin, china",china,none,24,female,7,academic,usa,1.0,mandarin119.mp3,0,0,0,0,0,0,0,0,0,1,0,0,0,0,0,0,0,0,0,0,0,0,0,0,0,0,0,0,0,0,0,0,0,0,0,0,0,0,0,0,0,0,0,0,0,0,0,0,0,0,0,0,0,0,0,0,0,0,0,0,0,0,0,0,0,0,0,0,0,0,0,0,0,0,0,0,0,0,0,0,0,0,0,0,0,0,0,0,0,0,0,0,0,0,0,0
,,,,,,,,,speakerID_2700,mandarin  (cmn),"chengde, hebei, china",china,none,24,male,10,academic,usa,0.1,mandarin120.mp3,0,0,0,0,0,0,0,0,0,1,0,0,0,0,0,0,0,0,0,0,0,0,0,0,0,0,0,0,0,0,0,0,0,0,0,0,0,0,0,0,0,0,0,0,0,0,0,0,0,0,0,0,0,0,0,0,0,0,0,0,0,0,0,0,0,0,0,0,0,0,0,0,0,0,0,0,0,0,0,0,0,0,0,0,0,0,0,0,0,0,0,0,0,0,0,0
,,,,,,,,,speakerID_2708,mandarin  (cmn),"huangshan, anhui, china",china,none,30,female,13,academic,usa,5.0,mandarin121.mp3,0,0,0,0,0,0,0,0,0,1,0,0,0,0,0,0,0,0,0,0,0,0,0,0,0,0,0,0,0,0,0,0,0,0,0,0,0,0,0,0,0,0,0,0,0,0,0,0,0,0,0,0,0,0,0,0,0,0,0,0,0,0,0,0,0,0,0,0,0,0,0,0,0,0,0,0,0,0,0,0,0,0,0,0,0,0,0,0,0,0,0,0,0,0,0,0
,,,,,,,,,speakerID_2711,mandarin  (cmn),"xi'an, shanxi, china",china,none,26,male,6,academic,usa,1.0,mandarin122.mp3,0,0,0,0,0,0,0,0,0,1,0,0,0,0,0,0,0,0,0,0,0,0,0,0,0,0,0,0,0,0,0,0,0,0,0,0,0,0,0,0,0,0,0,0,0,0,0,0,0,0,0,0,0,0,0,0,0,0,0,0,0,0,0,0,0,0,0,0,0,0,0,0,0,0,0,0,0,0,0,0,0,0,0,0,0,0,0,0,0,0,0,0,0,0,0,0
,,,,,,,,,speakerID_2714,mandarin  (cmn),"chengdu, sichuan, china",china,none,21,male,6,academic,usa,1.0,mandarin123.mp3,0,0,0,0,0,0,0,0,0,1,0,0,0,0,0,0,0,0,0,0,0,0,0,0,0,0,0,0,0,0,0,0,0,0,0,0,0,0,0,0,0,0,0,0,0,0,0,0,0,0,0,0,0,0,0,0,0,0,0,0,0,0,0,0,0,0,0,0,0,0,0,0,0,0,0,0,0,0,0,0,0,0,0,0,0,0,0,0,0,0,0,0,0,0,0,0
,,,,,,,,,speakerID_2716,mandarin  (cmn),"chongqing, china",china,none,33,female,13,academic,usa,3.2,mandarin124.mp3,0,0,0,0,0,0,0,0,0,1,0,0,0,0,0,0,0,0,0,0,0,0,0,0,0,0,0,0,0,0,0,0,0,0,0,0,0,0,0,0,0,0,0,0,0,0,0,0,0,0,0,0,0,0,0,0,0,0,0,0,0,0,0,0,0,0,0,0,0,0,0,0,0,0,0,0,0,0,0,0,0,0,0,0,0,0,0,0,0,0,0,0,0,0,0,0
,,,,,,,,,speakerID_2719,mandarin  (cmn),"changchun, jilin, china",china,none,24,female,6,academic,usa,1.0,mandarin125.mp3,0,0,0,0,0,0,0,0,0,1,0,0,0,0,0,0,0,0,0,0,0,0,0,0,0,0,0,0,0,0,0,0,0,0,0,0,0,0,0,0,0,0,0,0,0,0,0,0,0,0,0,0,0,0,0,0,0,0,0,0,0,0,0,0,0,0,0,0,0,0,0,0,0,0,0,0,0,0,0,0,0,0,0,0,0,0,0,0,0,0,0,0,0,0,0,0
,,,,,,,,,speakerID_2726,mandarin  (cmn),"yulin, shanxi, china",china,italian,24,male,8,academic,usa,2.0,mandarin126.mp3,0,0,0,0,0,0,0,0,0,0,0,0,0,0,0,0,0,0,0,0,0,1,0,0,0,0,0,0,0,0,0,0,0,0,0,0,0,0,0,0,0,0,0,0,0,0,0,0,0,0,0,0,0,0,0,0,0,0,0,0,0,0,0,0,0,0,0,0,0,0,0,0,0,0,0,0,0,0,0,0,0,0,0,0,0,0,0,0,0,0,0,0,0,0,0,0
,,,,,,,,,speakerID_2748,mandarin  (cmn),"shenyang, liaoning, china",china,cantonese dutch,25,male,15,academic,usa,3.3,mandarin127.mp3,0,0,0,0,0,0,0,0,1,0,0,0,0,0,0,0,0,0,0,0,0,0,0,0,0,0,0,0,0,0,0,0,0,0,0,0,0,0,0,0,0,0,0,0,0,0,0,0,0,0,0,0,0,0,0,0,0,0,0,0,0,0,0,0,0,0,0,0,0,0,0,0,0,0,0,0,0,0,0,0,0,0,0,0,0,0,0,1,0,0,0,0,0,0,0,0
,,,,,,,,,speakerID_2772,mandarin  (cmn),"cixi, zhejiang, china",china,none,21,female,7,academic,usa,2.5,mandarin128.mp3,0,0,0,0,0,0,0,0,0,1,0,0,0,0,0,0,0,0,0,0,0,0,0,0,0,0,0,0,0,0,0,0,0,0,0,0,0,0,0,0,0,0,0,0,0,0,0,0,0,0,0,0,0,0,0,0,0,0,0,0,0,0,0,0,0,0,0,0,0,0,0,0,0,0,0,0,0,0,0,0,0,0,0,0,0,0,0,0,0,0,0,0,0,0,0,0
,,,,,,,,,speakerID_2773,mandarin  (cmn),"luoyang, henan, china",china,none,22,female,12,academic,usa,0.3,mandarin129.mp3,0,0,0,0,0,0,0,0,0,1,0,0,0,0,0,0,0,0,0,0,0,0,0,0,0,0,0,0,0,0,0,0,0,0,0,0,0,0,0,0,0,0,0,0,0,0,0,0,0,0,0,0,0,0,0,0,0,0,0,0,0,0,0,0,0,0,0,0,0,0,0,0,0,0,0,0,0,0,0,0,0,0,0,0,0,0,0,0,0,0,0,0,0,0,0,0
,,,,,,,,,speakerID_2798,mandarin  (cmn),"weifang, shandong, china",china,none,22,female,7,academic,usa,6.0,mandarin130.mp3,0,0,0,0,0,0,0,0,0,1,0,0,0,0,0,0,0,0,0,0,0,0,0,0,0,0,0,0,0,0,0,0,0,0,0,0,0,0,0,0,0,0,0,0,0,0,0,0,0,0,0,0,0,0,0,0,0,0,0,0,0,0,0,0,0,0,0,0,0,0,0,0,0,0,0,0,0,0,0,0,0,0,0,0,0,0,0,0,0,0,0,0,0,0,0,0
,,,,,,,,,speakerID_2836,mandarin  (cmn),"shenzhen, guangdong, china",china,cantonese,20,male,6,academic,usa,0.8,mandarin131.mp3,0,0,0,0,0,0,0,0,0,0,0,0,0,0,0,0,0,0,0,0,0,0,0,0,0,0,0,0,0,0,0,0,0,0,0,0,0,0,0,0,0,0,0,0,0,0,0,0,0,0,0,0,0,0,0,0,0,0,0,0,0,0,0,0,0,0,0,0,0,0,0,0,0,0,0,0,0,0,0,0,0,0,0,0,0,0,0,1,0,0,0,0,0,0,0,0
,,,,,,,,,speakerID_2837,mandarin  (cmn),"dangyang, hubei, china",china,none,21,female,2,academic,usa,5.0,mandarin132.mp3,0,0,0,0,0,0,0,0,0,1,0,0,0,0,0,0,0,0,0,0,0,0,0,0,0,0,0,0,0,0,0,0,0,0,0,0,0,0,0,0,0,0,0,0,0,0,0,0,0,0,0,0,0,0,0,0,0,0,0,0,0,0,0,0,0,0,0,0,0,0,0,0,0,0,0,0,0,0,0,0,0,0,0,0,0,0,0,0,0,0,0,0,0,0,0,0
,,,,,,,,,speakerID_2876,mandarin  (cmn),"beijing, china",china,none,26,female,10,academic,usa,3.0,mandarin133.mp3,0,0,0,0,0,0,0,0,0,1,0,0,0,0,0,0,0,0,0,0,0,0,0,0,0,0,0,0,0,0,0,0,0,0,0,0,0,0,0,0,0,0,0,0,0,0,0,0,0,0,0,0,0,0,0,0,0,0,0,0,0,0,0,0,0,0,0,0,0,0,0,0,0,0,0,0,0,0,0,0,0,0,0,0,0,0,0,0,0,0,0,0,0,0,0,0
,,,,,,,,,speakerID_2877,mandarin  (cmn),"luoyang, henan, china",china,none,27,male,9,academic,usa,10.0,mandarin134.mp3,0,0,0,0,0,0,0,0,0,1,0,0,0,0,0,0,0,0,0,0,0,0,0,0,0,0,0,0,0,0,0,0,0,0,0,0,0,0,0,0,0,0,0,0,0,0,0,0,0,0,0,0,0,0,0,0,0,0,0,0,0,0,0,0,0,0,0,0,0,0,0,0,0,0,0,0,0,0,0,0,0,0,0,0,0,0,0,0,0,0,0,0,0,0,0,0
,,,,,,,,,speakerID_2878,mandarin  (cmn),"langfang, hebei, china",china,none,25,male,9,academic,usa,7.0,mandarin135.mp3,0,0,0,0,0,0,0,0,0,1,0,0,0,0,0,0,0,0,0,0,0,0,0,0,0,0,0,0,0,0,0,0,0,0,0,0,0,0,0,0,0,0,0,0,0,0,0,0,0,0,0,0,0,0,0,0,0,0,0,0,0,0,0,0,0,0,0,0,0,0,0,0,0,0,0,0,0,0,0,0,0,0,0,0,0,0,0,0,0,0,0,0,0,0,0,0
,,,,,,,,,speakerID_2879,mandarin  (cmn),"shenyang, liaoning, china",china,none,20,female,10,academic,usa,2.0,mandarin136.mp3,0,0,0,0,0,0,0,0,0,1,0,0,0,0,0,0,0,0,0,0,0,0,0,0,0,0,0,0,0,0,0,0,0,0,0,0,0,0,0,0,0,0,0,0,0,0,0,0,0,0,0,0,0,0,0,0,0,0,0,0,0,0,0,0,0,0,0,0,0,0,0,0,0,0,0,0,0,0,0,0,0,0,0,0,0,0,0,0,0,0,0,0,0,0,0,0
,,,,,,,,,speakerID_2880,mandarin  (cmn),"xi'an, shanxi, china",china,none,20,female,10,academic,usa,1.0,mandarin137.mp3,0,0,0,0,0,0,0,0,0,1,0,0,0,0,0,0,0,0,0,0,0,0,0,0,0,0,0,0,0,0,0,0,0,0,0,0,0,0,0,0,0,0,0,0,0,0,0,0,0,0,0,0,0,0,0,0,0,0,0,0,0,0,0,0,0,0,0,0,0,0,0,0,0,0,0,0,0,0,0,0,0,0,0,0,0,0,0,0,0,0,0,0,0,0,0,0
,,,,,,,,,speakerID_2881,mandarin  (cmn),"chongqing, china",china,none,21,female,7,academic,usa,0.1,mandarin138.mp3,0,0,0,0,0,0,0,0,0,1,0,0,0,0,0,0,0,0,0,0,0,0,0,0,0,0,0,0,0,0,0,0,0,0,0,0,0,0,0,0,0,0,0,0,0,0,0,0,0,0,0,0,0,0,0,0,0,0,0,0,0,0,0,0,0,0,0,0,0,0,0,0,0,0,0,0,0,0,0,0,0,0,0,0,0,0,0,0,0,0,0,0,0,0,0,0
,,,,,,,,,speakerID_2882,mandarin  (cmn),"kunming, yunnan, china",china,none,23,male,14,academic,usa,3.0,mandarin139.mp3,0,0,0,0,0,0,0,0,0,1,0,0,0,0,0,0,0,0,0,0,0,0,0,0,0,0,0,0,0,0,0,0,0,0,0,0,0,0,0,0,0,0,0,0,0,0,0,0,0,0,0,0,0,0,0,0,0,0,0,0,0,0,0,0,0,0,0,0,0,0,0,0,0,0,0,0,0,0,0,0,0,0,0,0,0,0,0,0,0,0,0,0,0,0,0,0
,,,,,,,,,speakerID_2883,mandarin  (cmn),"xuzhou, jiangsu, china",china,none,22,male,7,academic,usa,0.2,mandarin140.mp3,0,0,0,0,0,0,0,0,0,1,0,0,0,0,0,0,0,0,0,0,0,0,0,0,0,0,0,0,0,0,0,0,0,0,0,0,0,0,0,0,0,0,0,0,0,0,0,0,0,0,0,0,0,0,0,0,0,0,0,0,0,0,0,0,0,0,0,0,0,0,0,0,0,0,0,0,0,0,0,0,0,0,0,0,0,0,0,0,0,0,0,0,0,0,0,0
,,,,,,,,,speakerID_2884,mandarin  (cmn),"beijing, china",china,none,21,female,6,academic,usa,1.0,mandarin141.mp3,0,0,0,0,0,0,0,0,0,1,0,0,0,0,0,0,0,0,0,0,0,0,0,0,0,0,0,0,0,0,0,0,0,0,0,0,0,0,0,0,0,0,0,0,0,0,0,0,0,0,0,0,0,0,0,0,0,0,0,0,0,0,0,0,0,0,0,0,0,0,0,0,0,0,0,0,0,0,0,0,0,0,0,0,0,0,0,0,0,0,0,0,0,0,0,0
,,,,,,,,,speakerID_2885,mandarin  (cmn),"chengdu, sichuan, china",china,none,23,female,6,academic,usa,1.0,mandarin142.mp3,0,0,0,0,0,0,0,0,0,1,0,0,0,0,0,0,0,0,0,0,0,0,0,0,0,0,0,0,0,0,0,0,0,0,0,0,0,0,0,0,0,0,0,0,0,0,0,0,0,0,0,0,0,0,0,0,0,0,0,0,0,0,0,0,0,0,0,0,0,0,0,0,0,0,0,0,0,0,0,0,0,0,0,0,0,0,0,0,0,0,0,0,0,0,0,0
,,,,,,,,,speakerID_2886,mandarin  (cmn),"fuyang, anhui, china",china,none,25,female,10,academic,usa,0.2,mandarin143.mp3,0,0,0,0,0,0,0,0,0,1,0,0,0,0,0,0,0,0,0,0,0,0,0,0,0,0,0,0,0,0,0,0,0,0,0,0,0,0,0,0,0,0,0,0,0,0,0,0,0,0,0,0,0,0,0,0,0,0,0,0,0,0,0,0,0,0,0,0,0,0,0,0,0,0,0,0,0,0,0,0,0,0,0,0,0,0,0,0,0,0,0,0,0,0,0,0
,,,,,,,,,speakerID_2887,mandarin  (cmn),"wuhu, anhui, china",china,none,20,male,10,academic,usa,0.1,mandarin144.mp3,0,0,0,0,0,0,0,0,0,1,0,0,0,0,0,0,0,0,0,0,0,0,0,0,0,0,0,0,0,0,0,0,0,0,0,0,0,0,0,0,0,0,0,0,0,0,0,0,0,0,0,0,0,0,0,0,0,0,0,0,0,0,0,0,0,0,0,0,0,0,0,0,0,0,0,0,0,0,0,0,0,0,0,0,0,0,0,0,0,0,0,0,0,0,0,0
,,,,,,,,,speakerID_2888,mandarin  (cmn),"qingdao, shandong, china",china,none,21,female,4,academic,usa,1.0,mandarin145.mp3,0,0,0,0,0,0,0,0,0,1,0,0,0,0,0,0,0,0,0,0,0,0,0,0,0,0,0,0,0,0,0,0,0,0,0,0,0,0,0,0,0,0,0,0,0,0,0,0,0,0,0,0,0,0,0,0,0,0,0,0,0,0,0,0,0,0,0,0,0,0,0,0,0,0,0,0,0,0,0,0,0,0,0,0,0,0,0,0,0,0,0,0,0,0,0,0
,,,,,,,,,speakerID_2890,mandarin  (cmn),"xi'an, shanxi, china",china,none,24,female,6,academic,usa,2.0,mandarin146.mp3,0,0,0,0,0,0,0,0,0,1,0,0,0,0,0,0,0,0,0,0,0,0,0,0,0,0,0,0,0,0,0,0,0,0,0,0,0,0,0,0,0,0,0,0,0,0,0,0,0,0,0,0,0,0,0,0,0,0,0,0,0,0,0,0,0,0,0,0,0,0,0,0,0,0,0,0,0,0,0,0,0,0,0,0,0,0,0,0,0,0,0,0,0,0,0,0
,,,,,,,,,speakerID_2891,mandarin  (cmn),"nanyang, henan, china",china,none,19,female,9,academic,usa,0.1,mandarin147.mp3,0,0,0,0,0,0,0,0,0,1,0,0,0,0,0,0,0,0,0,0,0,0,0,0,0,0,0,0,0,0,0,0,0,0,0,0,0,0,0,0,0,0,0,0,0,0,0,0,0,0,0,0,0,0,0,0,0,0,0,0,0,0,0,0,0,0,0,0,0,0,0,0,0,0,0,0,0,0,0,0,0,0,0,0,0,0,0,0,0,0,0,0,0,0,0,0
,,,,,,,,,speakerID_2892,mandarin  (cmn),"nanyang, henan, china",china,none,19,female,6,academic,usa,0.1,mandarin148.mp3,0,0,0,0,0,0,0,0,0,1,0,0,0,0,0,0,0,0,0,0,0,0,0,0,0,0,0,0,0,0,0,0,0,0,0,0,0,0,0,0,0,0,0,0,0,0,0,0,0,0,0,0,0,0,0,0,0,0,0,0,0,0,0,0,0,0,0,0,0,0,0,0,0,0,0,0,0,0,0,0,0,0,0,0,0,0,0,0,0,0,0,0,0,0,0,0
,,,,,,,,,speakerID_2893,mandarin  (cmn),"fuzhou, fujian, china",china,none,19,female,6,academic,usa,0.1,mandarin149.mp3,0,0,0,0,0,0,0,0,0,1,0,0,0,0,0,0,0,0,0,0,0,0,0,0,0,0,0,0,0,0,0,0,0,0,0,0,0,0,0,0,0,0,0,0,0,0,0,0,0,0,0,0,0,0,0,0,0,0,0,0,0,0,0,0,0,0,0,0,0,0,0,0,0,0,0,0,0,0,0,0,0,0,0,0,0,0,0,0,0,0,0,0,0,0,0,0
,,,,,,,,,speakerID_2936,mandarin  (cmn),"taiyuan, shanxi, china",china,spanish german,18,female,12,academic,nigeria,4.0,mandarin150.mp3,0,0,0,0,0,0,0,0,0,0,0,0,0,0,0,0,0,0,0,0,0,0,0,0,0,0,0,0,0,0,0,0,0,0,0,0,0,0,0,0,0,0,1,0,0,0,0,0,0,0,0,0,0,0,0,0,0,0,0,0,0,0,0,0,1,0,0,0,0,0,0,0,0,0,0,0,0,0,0,0,0,0,0,0,0,0,0,0,0,0,0,0,0,0,0,0
,,,,,,,,,speakerID_2942,mandarin  (cmn),"wuxi, jiangsu, china",china,french,31,female,8,academic,,0.0,mandarin151.mp3,0,0,0,0,0,0,0,0,0,0,0,1,0,0,0,0,0,0,0,0,0,0,0,0,0,0,0,0,0,0,0,0,0,0,0,0,0,0,0,0,0,0,0,0,0,0,0,0,0,0,0,0,0,0,0,0,0,0,0,0,0,0,0,0,0,0,0,0,0,0,0,0,0,0,0,0,0,0,0,0,0,0,0,0,0,0,0,0,0,0,0,0,0,0,0,0
,,,,,,,,,speakerID_2963,mandarin  (cmn),"taoyuan, taiwan",taiwan,taiwanese,26,male,18,academic,,0.0,mandarin152.mp3,0,0,0,0,0,0,0,0,0,0,0,0,0,0,0,0,0,0,0,0,0,0,0,0,0,0,0,0,0,0,0,0,0,0,0,0,0,0,0,0,0,0,0,0,0,0,0,0,0,0,0,0,0,0,0,0,0,0,0,0,1,0,0,0,0,0,0,0,0,0,0,0,0,0,0,0,0,0,0,0,0,0,0,0,0,0,0,0,0,0,0,0,0,0,0,0
,,,,,,,,,speakerID_2970,mandarin  (cmn),"pingtung, taiwan",taiwan,taiwanese,22,male,6,academic,usa,0.2,mandarin153.mp3,0,0,0,0,0,0,0,0,0,0,0,0,0,0,0,0,0,0,0,0,0,0,0,0,0,0,0,0,0,0,0,0,0,0,0,0,0,0,0,0,0,0,0,0,0,0,0,0,0,0,0,0,0,0,0,0,0,0,0,0,1,0,0,0,0,0,0,0,0,0,0,0,0,0,0,0,0,0,0,0,0,0,0,0,0,0,0,0,0,0,0,0,0,0,0,0
